GROUP_NBR,REPORTING_SUB_CODE,GROUP_NAME,CONTRACT_EFF_DATE,CONTRACT_TYPE,COVERAGE_TYPE,POLICY_STATUS_CODE,POLICY_EFF_DATE,SUBSCRIBER_CERT_NBR,SUBSCRIBER_CERT_SUB,SUBSCRIBER_LAST_NAME,SUBSCRIBER_FIRST_NAME,SUBSCRIBER_MI,SUBSCRIBER_QUALIFIER,SUBSCRIBER_STATE_OF_RESIDENCE,SUBSCRIBER_ZIP_CODE,SUBSCRIBER_GENDER,SUBSCRIBER_DOB,POLICY_NBR,LOCATION_CODE,CLASS_CODE,SUBSCRIBER_WORK_STATE,PATIENT_LAST_NAME,PATIENT_FIRST_NAME,PATIENT_MI,RELATIONSHIP_CODE,PATIENT_GENDER,PATIENT_DOB,BEGIN_DATE_OF_SERVICE,SEQUENCE_TRANS_4,UC_ALLOWABLE_AMOUNT,PAYMENT_AMOUNT,BILLED_AMOUNT,CLAIM_CONTROL_NBR,DOC_SEQUENCE,BANKING_TRANSMITTAL_CODE,BANKING_DEPOSIT_ASSIGN_CODE,BANKING_DEPOSIT_DATE,SERVICE_OCCURANCES,OTHER_INSURANCE_CODE,OTHER_INSURANCE_PAYMENT,OI_REDUCED_PAYMENT_AMOUNT,ORTHO_INELIGIBLE_CODE_1,ORTHO_INELIGIBLE_AMOUNT_1,ORTHO_INELIGIBLE_CODE_2,ORTHO_INELIGIBLE_AMOUNT_2,ORTHO_INELIGIBLE_CODE_3,ORTHO_INELIGIBLE_AMOUNT_3,ORTHO_INELIGIBLE_CODE_4,ORTHO_INELIGIBLE_AMOUNT_4,ORTHO_INELIGIBLE_CODE_5,ORTHO_INELIGIBLE_AMOUNT_5,SUBSCRIBER_ID,UNIQUE_LINE_OF_SERVICE,END_DATE_OF_SERVICE,TYPE_OF_SERVICE,SYSTEM_PROCESSED,BILLED_PROC_CODE,ALLOWED_AMOUNT,DEDUCTIBLE,PARTICIPATION_PERCENT,DEDUCTIBLE_CARRYOVER,PROVIDER_ZIP_CODE,PROVIDER_TAX_ID,SERVICING_PROVIDER_NAME,SERVICING_PROVIDER_STATE,CLAIM_RELEASE_DATE,DAILY_CLAIM_ORDER,RELEASE_CODE,REVERSAL_TYPE,PAYEE_CODE,DATE_CLAIM_PROCESSED,CHECK_NBR,BANKING_SOURCE_CODE,PRINT_CONTROL_CODE,BENEFIT_PLAN,PROVIDER_PARTICIPATION_IND,BENEFIT_PARTICIPCATION_IND,MEMBER_NETWORK_CODE,PROVIDER_NETWORK_CODE,NETWORK_NBR,MEMBER_UNIQUE_SEQ_NBR,PAID_DATE,BILLED_PROC_CODE_DESC,FACILITY_NAME,PROVIDER_SPECIALTY_CODE_1,PROVIDER_SPECIALTY_CODE_2,INTERNAL_FACILITY_NBR,PROVIDER_FRAUD_INDICATOR,PROVIDER_DESIGNATION,PROVIDER_FEE_SCHEDULE,CMP_CODE,COALITION_NBR,INTERNAL_CUSTOMER_NBR,INTERNAL_GROUP_SUBSCRIBER_NBR,SERVICE_FACILITY_FEE_AREA,LINE_OF_COVERAGE,BANK_DEPOSIT_REASON,BANK_DEPOSIT_CHECK_NBR,COVERAGE_TIER_CODE,TYPE_OF_PROVIDER_PAID,PROCEDURE_CODE_SERVICE_PAID,DENTAL_CATEGORY,COINSURANCE,NETWORK_SAVINGS,TOOTH_CODE,TOOTH_SURF_CD1,TOOTH_SURF_CD2,TOOTH_SURF_CD3,TOOTH_SURF_CD4,TOOTH_SURF_CD5,UC_FSCH_APPL_IND,DEPOSIT_CLAIM_CONTROL_NBR,NETWORK_SAVINGS_FEE_CALC,RCD_ID_KEY,AMOUNT_OVER_MAX,REMARK_CODE,REMARK_AMOUNT,PROVIDER_NETWORK_INDICATOR,LINE_AND_COVERAGE_CODE,SUBSCRIBER_CODE,MARITAL_STATUS,SUBSCRIBER_COUNTRY,INTERNAL_MEMBER_CLAIM_NBR,COND_COUNT_SUB,TYPE_OF_PAYMENT,RECYCLE_INDICATOR,ALTERNATE_BENEFIT_CALC,TAX_ID_INDICATOR,PROVIDER_COUNTRY,ENTIRE_CLAIM_PAID_AMOUNT,PLAN_TYPE,PROVIDER_NPI,WORK_SITE_LOC_CODE,CUSTOM_REPORTING_FIELD_1,CUSTOM_REPORTING_FIELD_2,CUSTOM_REPORTING_FIELD_3,CUSTOM_REPORTING_FIELD_4,CUSTOM_REPORTING_FIELD_5,CUSTOM_REPORTING_FIELD_6,CUSTOM_REPORTING_FIELD_7,CROSS_REFERENCE_CERT_NBR,BILLING_ENTITY_NAME,BILLING_ENTITY_ADDRESS_1,BILLING_ENTITY_ADDRESS_2,BILLING_ENTITY_CITY,BILLING_ENTITY_STATE,BILLING_ENTITY_ZIP_CODE,TPA_ROUTING_CODE,ADJUSTED_CLAIM_PAID_AMOUNT,UNIQUE_SERVICE_LINE,SERVICING_PROVIDER_FACILITY_NAME,SERVICING_PROVIDER_ADDRESS_1,SERVICING_PROVIDER_ADDRESS_2,SERVICING_PROVIDER_CITY,BILLING_NPI_NUMBER,CLAIM_STATUS,CREATE_TIMESTAMP
76417027,112,FMC MEDICAL PL/CM,2025-01-01,20,40,10,2025-01-01,C30317852,0,Ramirez,Paul,J,,VA,23859,M,1991-04-05,767090417027,1,DH1,VA,Ramirez,Katrina,Y,SP,F,1990-10-20,2026-02-17,249,94.00,94.00,122.00,2026161430759,2,,,,0,A,0.00,0.00,0,0.00,0,0,0,0,0,0,0,0,43691187,2,2026-02-17,0,D,D1110,94.00,0.00,0.00,,23859,472221418,"Sutton,Billy,J,DDS",VA,2026-07-30,1,19,0,2,2026-07-30,4101448269,DA096,4,1,P,P,GDM,GCD,6546,1,2026-03-27,DENTAL PROPHY ADULTS,BRIDGES DENTAL GROUP,DEN,,4682925,,DDS,O,0,,48320,,~0115,6,,,3,M,D1110,P,0.00,28.00,90,,,,,,GE,0,111.60,262110031844,0.00,D60,0.00,I,719,2,U,,0,0,1,,W,2,,144.00,0,1501252914,,97380500,112,2 23831,63.95,D0130000   2,,,C30317852,BRIDGES DENTAL GROUP,67168 DENNIS VISTA SUITE 335,,CHESTER,VA,23859,3,0,2026021724920261614307592,BURNETT DENTAL ASSOCIATES,67168 DENNIS VISTA SUITE 335,,CHESTER,1595679843,Adjustment,2026-07-30 22:42:06.816
76417027,0005,FMC MEDICAL PL/CM,2025-01-01,20,40,10,2025-01-01,C46458474,0,Weber,Tracey,U,,NC,27974,F,1976-09-27,767090417027,1,DH3,NC,Weber,Tracey,U,IN,F,1976-09-27,2026-06-16,235,0.00,0.00,412.00,2026169452001,3,,,,1,,0.00,0.00,0,0.00,0,0,0,0,0,0,0,0,12115264,4,2026-06-16,0,D,D7311,0.00,0.00,80.00,,23380,534807416,"Richardson,Trevor,A,DDS",VA,2026-07-30,1,10,0,2,2026-07-30,9126044035,DA096,4,1,P,P,GDM,GCD,6546,0,2026-10-23,ALVEOLOPLASTY,FLOYD DENTAL ASSOCIATES,ORS,,1835260,,DDS,O,0,,48320,,~0124,6,,,1,M,D0000,B,0.00,0.00,93,,,,,,GE,0,365.40,262110033875,0.00,DGI,175.00,I,719,1,U,,0,0,1,,W,2,,39.00,0,1142569226,,51500015,,2 27909,46.19,D0265000   A,,,C46458474,MARTINEZ DENTAL ASSOCIATES,9967 KEITH PORTS APT. 468,,CHESAPEAKE,VA,23380,3,0,2026061623520261694520013,MARTIN ORAL SURGERY,47150 KRISTY FORGE SUITE 773,SUITE 201,CHESAPEAKE,1087899156,Adjustment,2026-07-30 22:42:06.816
76417027,0005,FMC MEDICAL PL/CM,2025-01-01,20,40,10,2025-01-01,C51107937,0,Reeves,Joseph,,,VA,20121,M,1971-05-09,767090417027,1,DS1,VA,Reeves,Joseph,,IN,M,1971-05-09,2026-05-26,251,-123.00,-67.65,-197.00,2026162606812,1,,,,1,A,-33.00,0.00,0,0.00,0,0,0,0,0,0,0,0,38100057,1,2026-05-26,0,D,D4910,-123.00,0.00,55.00,,20121,632025329,"Harrell,Patricia,M,DDS",VA,2026-06-25,1,23,14,2,2026-07-30,0583413653,DA096,4,2,P,P,GDM,GCD,0,0,2026-12-21,PERIO PROPHYLAXIS,HUDSON DENTAL,DEN,,0,,DDS,O,0,,48320,,~0109,6,,,1,M,D4910,B,55.35,-74.00,90,,,,,,GE,0,-224.10,262110049972,0.00,D60,0.00,I,719,1,U,,0,0,1,,W,2,,97.65,0,1365344891,,24900002,E34,4 20110,32.09,D0158000   3,,,C51107937,HUDSON DENTAL,3670 CHRISTOPHER FIELDS,,MANASSAS,VA,20121,3,0,2026052625120261626068121,HUDSON DENTAL,240 ELIZABETH POINTS APT. 887,,MANASSAS,1811493875,Reversal,2026-07-30 22:42:06.816
76417027,0005,FMC MEDICAL PL/CM,2025-01-01,20,40,10,2025-01-01,C74317153,0,Moyer,Robert,M,,PA,15073,M,1987-02-04,767090417027,1,DS1,PA,Moyer,Bethany,,CH,F,2020-02-04,2026-06-16,235,84.00,84.00,140.00,2026169453953,3,,,,1,,0.00,0.00,0,0.00,0,0,0,0,0,0,0,0,79800734,7,2026-06-16,0,D,D0210,84.00,0.00,0.00,,15136,471193670,"Craig,Jamie,R,DMD",PA,2026-07-30,1,10,0,2,2026-07-30,4928459,DA096,4,2,P,P,GDM,GCD,6546,3,2026-02-02,FULL MOUTH X-RAYS,PETERSON DENTAL,OTD,,9769434,,DMD,O,0,,48320,,~0092,6,,,3,M,D0210,D,0.00,56.00,90,,,,,,GE,0,184.50,262110024708,0.00,D60,0.00,I,719,2,U,,0,0,1,,W,2,,433.00,0,1043845789,,97381400,455,1 15025,32.41,D0038000   2,,OS 2026,C74317153,ALLEN ORAL SURGERY,950 ALEXANDER PLAIN,500 N LEWIS RUN RD,WEST MIFFLIN,PA,15136,3,0,2026061623520261694539533,PETERSON DENTAL,0559 HODGES VIEW SUITE 213,STE 215A,WEST MIFFLIN,1460049659,Adjustment,2026-07-30 22:42:06.816
76417027,112,FMC MEDICAL PL/CM,2025-01-01,20,40,10,2025-01-01,C05439552,0,Singleton,Robert,Q,,IL,60116,M,1953-02-17,767090417027,1,DH1,IL,Singleton,Robert,Q,IN,M,1953-02-17,2026-06-15,234,0.00,0.00,409.00,2026168335381,3,,,,1,,0.00,0.00,0,0.00,0,0,0,0,0,0,0,0,85252705,1,2026-06-15,0,D,D7210,0.00,0.00,0.00,,60170,180535842,"Mitchell,Tony,O,DDS",IL,2026-07-30,1,10,0,2,2026-07-30,2007046724,DA096,4,1,P,P,GDM,GCD,6546,0,2026-09-13,EXTRACTION-SURGICAL,CAMPBELL ORAL SURGERY,ORS,,3850407,,DDS,O,0,,48320,,~0009,6,,,4,M,D7210,B,0.00,0.00,30,,,,,,GE,0,0.00,262110049616,0.00,D71,409.00,I,719,1,U,,0,0,1,,,2,,69.60,0,1280616709,,24900002,112,3 60110,100.82,D0158000   3,,,C05439552,CAMPBELL ORAL SURGERY,08589 DIXON MOUNTAINS SUITE 335,,SCHAUMBURG,IL,60170,3,0,2026061523420261683353813,CAMPBELL ORAL SURGERY,08589 DIXON MOUNTAINS SUITE 335,,SCHAUMBURG,1280616709,Adjustment,2026-07-30 22:42:06.816
76416933,0001,FMC MEDICAL PL/CM,2025-01-01,20,40,10,2025-01-01,C11960905,0,Reyes,Zoe,,,VA,20129,F,1994-11-16,767002416933,1,S05,VA,Reyes,Zoe,,IN,F,1994-11-16,2026-05-22,254,-1577.61,0.00,-137.65,2026160830845,2,,,,-1,,0.00,0.00,0,0.00,0,0,0,0,0,0,0,0,17228221,11,2026-05-22,0,D,D3425,0.00,0.00,0.00,,53509,265555362,"Johnson,Danny",WI,2026-06-12,1,26,3,1,2026-06-12,593574,CN174,4,2,N,N,GCD,,0,0,2026-06-18,APICOECTOMY MOLAR,PETERSEN DENTAL ASSOCIATES,DEN,,0,,,,0,,48352,,,6,,,1,F,D0000,B,0.00,0.00,19,,,,,,70,0,0.00,262110078389,0.00,D01,-137.65,O,719,1,S,,0,0,1,,W,2,,0.00,0,,,19009007,,,,3140001A 000000,,,C11960905,PETERSEN DENTAL ASSOCIATES,19448 MEGAN MOUNTAIN,,RACINE,WI,0,3,0,2026052225420261608308452,,,,,,Reversal,2026-07-30 22:42:06.816
76417027,316,FMC MEDICAL PL/CM,2025-01-01,20,40,10,2025-01-01,C69006046,0,Weber,Michael,,,MO,64069,M,1973-10-07,767090417027,1,DH1,MO,Weber,Sean,J,CH,M,2007-06-25,2026-06-15,241,0.00,0.00,162.00,2026168982776,3,,,,1,A,0.00,0.00,0,0.00,0,0,0,0,0,0,0,0,70049626,2,2026-06-15,0,D,D2950,0.00,0.00,50.00,,64041,704029925,"Stewart,Mark,DDS",MO,2026-07-30,1,71,0,2,2026-07-30,5636311,DA096,4,1,P,P,GDM,GCD,6546,1,2026-09-18,CROWN BUILD-UP,DAVIDSON ORAL SURGERY,DEN,,5273130,,DDS,O,0,,48320,,~0050,6,,,4,M,D0000,B,0.00,0.00,10,,,,,,GE,0,359.10,262110054452,0.00,DGI,162.00,I,719,2,U,,0,0,1,,B,2,,0.00,0,1079877863,,12400001,315,2 64011,42.62,A0184000   2,,,C69006046,HOWE DENTAL ASSOCIATES,6152 LISA VILLE,1200 NW BUCKNER TARSNEY,GRAIN VALLEY,MO,64041,3,0,2026061524120261689827763,,,,,1105697468,Adjustment,2026-07-30 22:42:06.816
76416933,0001,FMC MEDICAL PL/CM,2025-01-01,20,40,10,2025-01-01,C11960905,0,Farmer,Zoe,,,VA,20129,F,1994-11-16,767002416933,1,S05,VA,Farmer,Zoe,,IN,F,1994-11-16,2026-05-19,252,-1577.61,0.00,-137.56,2026160830845,2,,,,-1,,0.00,0.00,0,0.00,0,0,0,0,0,0,0,0,17228221,9,2026-05-19,0,D,D3425,0.00,0.00,0.00,,53509,265555362,"Johnson,Danny",WI,2026-06-12,1,26,3,1,2026-06-12,593574,CN174,4,2,N,N,GCD,,0,0,2026-03-29,APICOECTOMY MOLAR,PETERSEN DENTAL ASSOCIATES,DEN,,0,,,,0,,48352,,,6,,,1,F,D0000,B,0.00,0.00,19,,,,,,70,0,0.00,262110078387,0.00,D01,-137.56,O,719,1,S,,0,0,1,,W,2,,0.00,0,,,19009007,,,,3140001A 000000,,,C11960905,PETERSEN DENTAL ASSOCIATES,19448 MEGAN MOUNTAIN,,RACINE,WI,0,3,0,2026051925220261608308452,,,,,,Reversal,2026-07-30 22:42:06.816
76417027,0005,FMC MEDICAL PL/CM,2025-01-01,20,40,10,2025-01-01,C01229965,0,Ward,Peter,U,,OK,73148,M,1985-07-26,767090417027,1,DH1,OK,Ward,Peter,U,IN,M,1985-07-26,2026-06-08,251,-87.00,0.00,-116.00,2026161517807,1,,,,1,A,-116.00,87.00,0,0.00,0,0,0,0,0,0,0,0,83534612,3,2026-06-08,0,D,D1110,-87.00,0.00,0.00,,73159,403024288,"Acevedo,Jimmy,O,DDS",OK,2026-06-11,1,23,14,2,2026-07-30,0593626,DA096,4,1,P,P,GDM,GCD,0,0,2026-02-26,DENTAL PROPHY ADULTS,WOODS FAMILY DENTISTRY,DEN,,0,,DDS,O,0,,48320,,~0047,6,,,3,M,D1110,P,0.00,-29.00,90,,,,,,GE,0,-114.30,262110050502,0.00,D60,0.00,I,719,1,U,,0,0,1,,W,2,,111.00,0,1494754931,,97380100,112,2 73132,63.95,A0078000   2,,,C01229965,WOODS FAMILY DENTISTRY,6101 BLAKE CENTER,7820 W MEMORIAL RD,OKLAHOMA CITY,OK,73159,3,0,2026060825120261615178071,,,,,1494754931,Reversal,2026-07-30 22:42:06.816
76417027,104,FMC MEDICAL PL/CM,2025-01-01,20,40,10,2025-01-01,C18868987,0,Lewis,Paula,,,AL,35719,F,1955-07-10,767090417027,1,DS1,AL,Lewis,Paula,,IN,F,1955-07-10,2026-06-12,240,0.00,0.00,79.00,2026169498463,2,,,,1,A,0.00,0.00,0,0.00,0,0,0,0,0,0,0,0,25125879,1,2026-06-12,0,D,D7921,0.00,0.00,55.00,,35798,522951731,"White,Claudia,H,DDS",AL,2026-07-30,1,10,0,2,2026-07-30,0997913544,DA096,4,2,P,P,GDM,GCD,6546,0,2026-02-06,COLLECTION/APPL OF BLOOD CONCE,MILLS ORAL SURGERY,ORS,,4183603,,DDS,O,0,,48320,,~0114,6,,,1,M,D0000,B,0.00,0.00,29,,,,,,GE,0,401.40,262110044692,0.00,DGH,79.00,I,719,1,U,,0,0,1,,W,2,,79.75,0,1187531423,,24900002,104,1 35757,23.44,D0158000   3,,,C18868987,HARRISON DENTAL,712 VICTOR DRIVE SUITE 042,44 HUGHES RD,MADISON,AL,35798,3,0,2026061224020261694984632,HALEY DENTAL GROUP,186 CHRISTIE CIRCLE,STE 1500,MADISON,1236455621,Adjustment,2026-07-30 22:42:06.816
76417027,113,FMC MEDICAL PL/CM,2025-01-01,20,40,10,2025-01-01,C89695076,0,Walker,Joshua,Y,,CA,92207,M,1959-04-04,767090417027,1,DH1,CA,Walker,Joshua,Y,IN,M,1959-04-04,2025-10-08,237,0.00,0.00,-598.00,2026161370768,3,,,,1,A,0.00,0.00,0,0.00,0,0,0,0,0,0,0,0,13838515,1,2025-10-08,0,D,D4266,0.00,0.00,0.00,,92207,793412220,"Andrews,Jeremiah,M,DDS",CA,2026-07-02,1,23,14,2,2026-07-30,6426628044,DA096,4,1,N,N,GDM,,0,0,2026-12-22,TISSUE REGENERATION,DAVIS FAMILY DENTISTRY,DEN,,0,,DDS,,0,,48320,,,6,,,4,M,D0000,P,0.00,0.00,23,,,,,,GE,0,0.00,262110019829,0.00,D01,-598.00,O,719,1,U,,0,0,1,,B,2,,208.80,0,1387099256,,24900002,113,5 92270,122.33,D0158000   3,,,C89695076,DAVIS FAMILY DENTISTRY,4720 SMITH CAMP APT. 514,,RANCHO MIRAGE,CA,92207,3,0,2025100823720261613707683,VELASQUEZ FAMILY DENTISTRY,7649 TAYLOR UNION SUITE 394,,RANCHO MIRAGE,1387099256,Reversal,2026-07-30 22:42:06.816
76417027,0005,FMC MEDICAL PL/CM,2025-01-01,20,40,10,2025-01-01,C74317153,0,Ochoa,Robert,M,,PA,15073,M,1987-02-04,767090417027,1,DS1,PA,Ochoa,Bethany,,CH,F,2020-02-04,2026-06-16,231,49.00,49.00,90.00,2026169453953,3,,,,1,,0.00,0.00,0,0.00,0,0,0,0,0,0,0,0,79800734,3,2026-06-16,0,D,D1120,49.00,0.00,0.00,,15136,471193670,"Craig,Jamie,R,DMD",PA,2026-07-30,1,10,0,2,2026-07-30,4928459,DA096,4,2,P,P,GDM,GCD,6546,3,2026-07-21,DENTAL PROPHY CHILD,PETERSON DENTAL,OTD,,9769434,,DMD,O,0,,48320,,~0092,6,,,3,M,D1120,P,0.00,41.00,90,,,,,,GE,0,74.70,262110024704,0.00,D60,0.00,I,719,2,U,,0,0,1,,W,2,,433.00,0,1043845789,,97381400,455,1 15025,32.41,D0038000   2,,OS 2026,C74317153,ALLEN ORAL SURGERY,950 ALEXANDER PLAIN,500 N LEWIS RUN RD,WEST MIFFLIN,PA,15136,3,0,2026061623120261694539533,PETERSON DENTAL,0559 HODGES VIEW SUITE 213,STE 215A,WEST MIFFLIN,1460049659,Adjustment,2026-07-30 22:42:06.816
76417027,112,FMC MEDICAL PL/CM,2025-01-01,20,40,10,2025-01-01,C31469798,0,Ramirez,Benjamin,,,IL,60737,M,1974-09-22,767090417027,1,DS1,IL,Ramirez,Benjamin,,IN,M,1974-09-22,2026-05-20,249,0.00,0.00,50.00,2026166152412,2,,,,1,A,0.00,0.00,0,0.00,0,0,0,0,0,0,0,0,94615598,3,2026-05-20,0,D,D1206,0.00,0.00,0.00,,60614,854704904,"Jones,James,A,DDS",IL,2026-07-30,1,10,0,2,2026-07-30,0263069,DA096,4,2,P,P,GDM,GCD,6546,0,2026-10-31,TOPICAL FLUORIDE VARNISH,BARR FAMILY DENTISTRY,DEN,,846402,,DDS,O,0,,48320,,~0134,6,,,4,M,D0000,P,0.00,0.00,90,,,,,,GE,0,68.40,262110018618,0.00,D08,50.00,I,719,1,U,,0,0,1,,W,2,,35.00,0,1821703956,,12400001,112,3 60634,26.48,A0117000   2,,OS 2025,C31469798,RIVERA DENTAL GROUP,5292 GARRISON ORCHARD APT. 287,7601 W IRVING PARK RD,CHICAGO,IL,60614,3,0,2026052024920261661524122,BARR FAMILY DENTISTRY,260 DAVIES SQUARE,SUITE 102,CHICAGO,1571706640,Adjustment,2026-07-30 22:42:06.816
76417027,0005,FMC MEDICAL PL/CM,2025-01-01,20,40,10,2025-01-01,C21772658,0,Edwards,Alejandro,Q,,WA,98399,M,1993-04-07,767090417027,1,DH1,WA,Edwards,John,Q,CH,M,2017-01-19,2026-06-05,251,-38.00,-38.00,-63.00,2026161359005,1,,,,1,,0.00,0.00,0,0.00,0,0,0,0,0,0,0,0,34015115,1,2026-06-05,0,D,D0120,-38.00,0.00,0.00,,98387,800723837,"Fitzgerald,Kayla,T,DDS",WA,2026-06-11,1,23,14,2,2026-07-30,9220105584,DA096,4,1,P,P,GDM,GCD,6546,3,2026-02-17,PERIODIC ORAL EVAL,ELLIOTT DENTAL ASSOCIATES,PDN,,0,,DDS,O,0,,48320,,~0012,6,,,3,M,D0120,D,0.00,-25.00,90,,,,,,GE,0,-77.40,262110020683,0.00,D60,0.00,I,719,2,U,,0,0,1,,W,2,,71.00,0,1965574981,,97380700,104,5 98310,84.63,A0205000   2,,,C21772658,SMITH ORAL SURGERY,3936 ASHLEY BROOKS,,BREMERTON,WA,98387,3,0,2026060525120261613590051,ELLIOTT DENTAL ASSOCIATES,3936 ASHLEY BROOKS,,BREMERTON,1889134311,Reversal,2026-07-30 22:42:06.816
76417027,0005,FMC MEDICAL PL/CM,2025-01-01,20,40,10,2025-01-01,C93492183,0,Vaughn,Heather,J,,MI,49493,F,1972-11-14,767090417027,1,DS1,MI,Vaughn,Timothy,J,CH,M,2006-12-29,2025-07-24,251,-206.76,-113.71,-226.00,2026161585717,1,,,,1,A,0.00,0.00,0,0.00,0,0,0,0,0,0,0,0,62080237,7,2025-07-24,0,D,D7140,-206.76,0.00,55.00,,49448,122877631,"Duffy,Micheal,J,DDS",MI,2026-06-29,1,23,14,2,2026-07-30,1416880610,DA096,4,2,P,P,GDM,GDM,0,3,2026-12-04,EXTRACTION,THOMAS DENTAL,ORS,,0,,DDS,O,0,,48320,,~0081,6,,,4,M,D7140,B,93.05,-19.24,01,,,,,,GE,0,-221.40,262110027831,0.00,D60,0.00,I,719,2,U,,0,0,1,,W,2,,555.69,0,1326514578,,12400001,112,2 49426,24.22,A0146000   2,,,C93492183,PRESTON DENTAL,84248 DANIEL MEADOWS,,GRANDVILLE,MI,49448,3,0,2025072425120261615857171,THOMAS DENTAL,4294 HERNANDEZ CAMP SUITE 998,SUITE 106,GRANDVILLE,1652626028,Reversal,2026-07-30 22:42:06.816
76416933,0001,FMC MEDICAL PL/CM,2025-01-01,20,40,10,2025-01-01,C11960905,0,Allen,Zoe,,,VA,20129,F,1994-11-16,767002416933,1,S05,VA,Allen,Zoe,,IN,F,1994-11-16,2026-05-13,253,-719.66,0.00,-371.57,2026160830845,1,,,,-1,,0.00,0.00,0,0.00,0,0,0,0,0,0,0,0,17228221,8,2026-05-13,0,D,D6104,0.00,0.00,0.00,,53509,265555362,"Johnson,Danny",WI,2026-06-12,2,26,3,1,2026-06-12,593574,CN174,4,2,N,N,GCD,,0,0,2026-07-17,BONE GRAFT AT TIME OF IMPLANT,PETERSEN DENTAL ASSOCIATES,DEN,,0,,,,0,,48352,,,6,,,1,F,D0000,B,0.00,0.00,19,,,,,,70,0,0.00,262110078386,0.00,D01,-371.57,O,719,1,S,,0,0,1,,W,2,,35.71,0,,,19009007,,,,3140001A 000000,,,C11960905,PETERSEN DENTAL ASSOCIATES,19448 MEGAN MOUNTAIN,,RACINE,WI,0,3,0,2026051325320261608308451,,,,,,Reversal,2026-07-30 22:42:06.816
76417027,113,FMC MEDICAL PL/CM,2025-01-01,20,40,10,2025-01-01,C43480113,0,Solis,Devin,V,,WA,98017,M,1952-07-01,767090417027,1,DS1,WA,Solis,Mary,Y,SP,F,1957-10-07,2026-06-11,242,188.00,0.00,188.00,2026166188328,2,,,,1,A,0.00,0.00,0,0.00,0,0,0,0,0,0,0,0,83493540,6,2026-06-11,0,D,D9612,0.00,0.00,30.00,,98079,580098165,"Burke,Darren,DDS",WA,2026-07-30,1,10,0,2,2026-07-30,9534979776,DA096,4,2,N,N,GDM,,0,1,2026-11-23,2 OR MORE DRUG INJECTIONS,KELLY ORAL SURGERY,ORS,,3138095,,DDS,,0,,48320,,,6,,,4,M,D0000,B,0.00,0.00,90,,,,,,GE,0,0.00,262110036314,0.00,D01,188.00,O,719,2,U,,0,0,1,,A,2,,1276.55,0,1252362456,,24900002,113,5 98023,69.33,D0158000   3,,,C43480113,LEWIS DENTAL GROUP,53269 GILL BURG,,FEDERAL WAY,WA,98079,3,0,2026061124220261661883282,ZAVALA DENTAL,3594 STEVEN WELL,SUITE 301,FEDERAL WAY,1240746846,Adjustment,2026-07-30 22:42:06.816
76417027,112,FMC MEDICAL PL/CM,2025-01-01,20,40,10,2025-01-01,C01229965,0,Ali,Peter,U,,OK,73148,M,1985-07-26,767090417027,1,DH1,OK,Ali,Peter,U,IN,M,1985-07-26,2026-06-08,245,61.00,61.00,88.00,2026161517807,2,,,,0,A,0.00,0.00,0,0.00,0,0,0,0,0,0,0,0,83534612,2,2026-06-08,0,D,D0274,61.00,0.00,0.00,,73159,403024288,"Acevedo,Jimmy,O,DDS",OK,2026-07-30,1,19,0,2,2026-07-30,0593626,DA096,4,1,P,P,GDM,GCD,6546,0,2026-09-07,FOUR BITEWING XRAYS,WOODS FAMILY DENTISTRY,DEN,,638850,,DDS,O,0,,48320,,~0047,6,,,3,M,D0274,D,0.00,27.00,90,,,,,,GE,0,81.00,262110050496,0.00,D60,0.00,I,719,1,U,,0,0,1,,W,2,,246.00,0,1494754931,,97380100,112,2 73132,63.95,A0078000   2,,,C01229965,WOODS FAMILY DENTISTRY,6101 BLAKE CENTER,7820 W MEMORIAL RD,OKLAHOMA CITY,OK,73159,3,0,2026060824520261615178072,,,,,1494754931,Adjustment,2026-07-30 22:42:06.816
76417027,113,FMC MEDICAL PL/CM,2025-01-01,20,40,10,2025-01-01,C43480113,0,Walker,Devin,V,,WA,98017,M,1952-07-01,767090417027,1,DS1,WA,Walker,Mary,Y,SP,F,1957-10-07,2026-06-11,244,2427.00,548.45,3100.00,2026166188328,2,,,,1,A,0.00,0.00,0,0.00,0,0,0,0,0,0,0,0,83493540,8,2026-06-11,0,D,D6010,2427.00,0.00,30.00,,98079,580098165,"Burke,Darren,DDS",WA,2026-07-30,1,10,0,2,2026-07-30,9534979776,DA096,4,2,N,N,GDM,,0,1,2026-07-31,ENDOSTEAL IMPLANT,KELLY ORAL SURGERY,ORS,,3138095,,DDS,,0,,48320,,,6,,,4,M,D6010,M,1698.90,0.00,03,,,,,,GE,0,0.00,262110036316,179.65,D00,673.00,O,719,2,U,,0,0,1,,,2,,1276.55,0,1252362456,,24900002,113,5 98023,69.33,D0158000   3,,,C43480113,LEWIS DENTAL GROUP,53269 GILL BURG,,FEDERAL WAY,WA,98079,3,0,2026061124420261661883282,ZAVALA DENTAL,3594 STEVEN WELL,SUITE 301,FEDERAL WAY,1240746846,Adjustment,2026-07-30 22:42:06.816
76417027,112,FMC MEDICAL PL/CM,2025-01-01,20,40,10,2025-01-01,C05439552,0,Clay,Robert,Q,,IL,60116,M,1953-02-17,767090417027,1,DH1,IL,Clay,Robert,Q,IN,M,1953-02-17,2026-06-15,240,0.00,0.00,284.00,2026168335381,3,,,,1,A,0.00,0.00,0,0.00,0,0,0,0,0,0,0,0,85252705,7,2026-06-15,0,D,D9223,0.00,0.00,50.00,,60170,180535842,"Mitchell,Tony,O,DDS",IL,2026-07-30,1,10,0,2,2026-07-30,2007046724,DA096,4,1,P,P,GDM,GCD,6546,0,2026-12-05,GENERAL ANESTHESIA,CAMPBELL ORAL SURGERY,ORS,,3850407,,DDS,O,0,,48320,,~0009,6,,,4,M,D0000,B,0.00,0.00,90,,,,,,GE,0,342.90,262110049622,0.00,DGH,144.00,I,719,1,U,,0,0,1,,W,2,,69.60,0,1280616709,,24900002,112,3 60110,100.82,D0158000   3,,,C05439552,CAMPBELL ORAL SURGERY,08589 DIXON MOUNTAINS SUITE 335,,SCHAUMBURG,IL,60170,3,0,2026061524020261683353813,CAMPBELL ORAL SURGERY,08589 DIXON MOUNTAINS SUITE 335,,SCHAUMBURG,1280616709,Adjustment,2026-07-30 22:42:06.816
76417027,0005,FMC MEDICAL PL/CM,2025-01-01,20,40,10,2025-01-01,C27134426,0,Rodriguez,Austin,,,VA,22062,M,1937-09-16,767090417027,1,DS3,VA,Rodriguez,Austin,,IN,M,1937-09-16,2026-06-16,244,96.00,52.80,139.00,2026169431565,2,,,,1,,0.00,0.00,0,0.00,0,0,0,0,0,0,0,0,62092320,6,2026-06-16,0,D,D2920,96.00,0.00,55.00,,22062,571198498,"Williams,Nathan,J,DMD",VA,2026-07-30,1,10,0,2,2026-07-30,6731395248,DA096,4,2,P,P,GDM,GCD,6546,0,2026-08-31,RECEMENT CROWNS,HUGHES FAMILY DENTISTRY,DEN,,2987986,,DMD,O,0,,48320,,~0117,6,,,4,M,D2920,B,43.20,43.00,31,,,,,,GE,0,162.90,262110029192,0.00,D60,0.00,I,719,1,U,,0,0,1,,W,2,,125.80,0,1406515598,,ABNAVYAN,,4 22046,64.13,AD0265000  A,,,C27134426,HUGHES FAMILY DENTISTRY,27054 JAMIE LOOP SUITE 250,200 LITTLE FALLS ST,FALLS CHURCH,VA,22062,3,0,2026061624420261694315652,,,,,1406515598,Adjustment,2026-07-30 22:42:06.816
76417027,256,FMC MEDICAL PL/CM,2025-01-01,20,40,10,2025-01-01,C81590900,0,Clay,Jason,,,VA,23824,M,1962-06-30,767090417027,1,DH1,VA,Clay,Cheryl,U,SP,F,1959-04-17,2026-06-15,243,0.00,0.00,1492.00,2026167452397,2,,,,1,A,0.00,0.00,0,0.00,0,0,0,0,0,0,0,0,34067589,2,2026-06-15,0,D,D6740,0.00,0.00,50.00,,23859,620563361,"Moore,Samantha,DMD",VA,2026-07-30,1,71,0,2,2026-07-30,3370384710,DA096,4,1,P,P,GDM,GCD,6546,1,2026-02-21,PORC/CERAMIC CROWN,KENNEDY DENTAL GROUP,DEN,,1154366,X,DMD,O,0,,48320,,~0077,6,,,4,M,D0000,M,0.00,0.00,23,,,,,,GE,0,1447.20,262110020469,0.00,DGU,1191.00,I,719,2,U,,0,0,1,,W,2,,0.00,0,1594379212,,24900002,256,2 23834,92.34,D0158000   3,,,C81590900,KENNEDY DENTAL GROUP,900 KNIGHT WAY SUITE 381,11601 IRON BRIDGE RD,CHESTER,VA,23859,3,0,2026061524320261674523972,,,,,1999104896,Adjustment,2026-07-30 22:42:06.816
76417027,0005,FMC MEDICAL PL/CM,2025-01-01,20,40,10,2025-01-01,C01229965,0,Garcia,Peter,U,,OK,73148,M,1985-07-26,767090417027,1,DH1,OK,Garcia,Peter,U,IN,M,1985-07-26,2026-06-08,253,-23.00,-23.00,-35.00,2026161517807,1,,,,1,A,0.00,0.00,0,0.00,0,0,0,0,0,0,0,0,83534612,5,2026-06-08,0,D,D0230,-23.00,0.00,0.00,,73159,403024288,"Acevedo,Jimmy,O,DDS",OK,2026-06-11,1,23,14,2,2026-07-30,0593626,DA096,4,1,P,P,GDM,GCD,0,0,2026-01-24,ADDTL PERIAPICAL,WOODS FAMILY DENTISTRY,DEN,,0,,DDS,O,0,,48320,,~0047,6,,,3,M,D0230,D,0.00,-12.00,25,,,,,,GE,0,-32.40,262110050504,0.00,D60,0.00,I,719,1,U,,0,0,1,,W,2,,111.00,0,1494754931,,97380100,112,2 73132,63.95,A0078000   2,,,C01229965,WOODS FAMILY DENTISTRY,6101 BLAKE CENTER,7820 W MEMORIAL RD,OKLAHOMA CITY,OK,73159,3,0,2026060825320261615178071,,,,,1494754931,Reversal,2026-07-30 22:42:06.816
76417027,0005,FMC MEDICAL PL/CM,2025-01-01,20,40,10,2025-01-01,C74317153,0,Miller,Robert,M,,PA,15073,M,1987-02-04,767090417027,1,DS1,PA,Miller,Bethany,,CH,F,2020-02-04,2026-06-16,227,0.00,0.00,195.00,2026169453953,4,,,,1,,0.00,0.00,0,0.00,0,0,0,0,0,0,0,0,79800734,7,2026-06-16,0,D,D3220,0.00,0.00,55.00,,15136,471193670,"Craig,Jamie,R,DMD",PA,2026-07-30,2,71,0,2,2026-07-30,4928459,DA096,4,2,P,P,GDM,GCD,6546,3,2026-11-25,THERAP PULPOTOMY,PETERSON DENTAL,OTD,,9769434,,DMD,O,0,,48320,,~0092,6,,,3,M,D0000,B,0.00,0.00,L,,,,,,GE,0,276.30,262110024716,0.00,DGI,112.00,I,719,2,U,,0,0,1,,W,2,,0.00,0,1043845789,,97381400,455,1 15025,32.41,D0038000   2,,OS 2026,C74317153,ALLEN ORAL SURGERY,950 ALEXANDER PLAIN,500 N LEWIS RUN RD,WEST MIFFLIN,PA,15136,3,0,2026061622720261694539534,PETERSON DENTAL,0559 HODGES VIEW SUITE 213,STE 215A,WEST MIFFLIN,1460049659,Adjustment,2026-07-30 22:42:06.816
76417027,0005,FMC MEDICAL PL/CM,2025-01-01,20,40,10,2025-01-01,C36300162,0,Ward,Katherine,U,,IL,60183,F,1982-12-05,767090417027,1,DS1,IL,Ward,Cassandra,U,CH,F,2012-08-09,2026-06-09,250,-42.00,-18.00,-59.00,2026161431656,1,,,,1,A,-24.00,24.00,0,0.00,0,0,0,0,0,0,0,0,23068022,1,2026-06-09,0,D,D0120,-42.00,0.00,0.00,,60183,960807251,"Aguirre,Samantha,R,DMD",IL,2026-06-11,1,23,14,2,2026-07-30,1144530546,DA096,4,2,P,P,GDM,GCD,0,2,2026-09-09,PERIODIC ORAL EVAL,UNDERWOOD FAMILY DENTISTRY,PDN,,0,,DMD,O,0,,48320,,~0072,6,,,3,M,D0120,D,0.00,-17.00,90,,,,,,GE,0,-77.40,262110053283,0.00,D60,0.00,I,719,2,U,,0,0,1,,W,2,,56.00,0,1746930562,,97381600,112,3 60108,39.75,D0190000   2,,,C36300162,UNDERWOOD FAMILY DENTISTRY,91699 ASHLEE WAY SUITE 544,,BLOOMINGDALE,IL,60183,3,0,2026060925020261614316561,UNDERWOOD FAMILY DENTISTRY,0862 SINGH RAPID,SUITE C,BLOOMINGDALE,1746930562,Reversal,2026-07-30 22:42:06.816
76417027,0005,FMC MEDICAL PL/CM,2025-01-01,20,40,10,2025-01-01,C45590290,0,Stewart,Pamela,Q,,MD,21265,F,1952-08-06,767090417027,1,DH1,MD,Stewart,Pamela,Q,IN,F,1952-08-06,2026-05-15,253,-13.00,-13.00,-37.00,2026168832278,1,,,,1,A,0.00,0.00,0,0.00,0,0,0,0,0,0,0,0,50369309,6,2026-05-15,0,D,D0230,-13.00,0.00,0.00,,21068,145951133,"Stewart,Alvin,L,DMD",MD,2026-06-17,4,23,14,2,2026-07-30,9011558678,DA096,4,1,N,N,GDM,,0,0,2026-08-26,ADDTL PERIAPICAL,CLARK DENTAL GROUP,PDD,,0,,DMD,,0,,48320,,,6,,,1,M,D0230,D,0.00,0.00,30,,,,,,GE,0,0.00,262110030449,0.00,D37,-24.00,O,719,1,U,,0,0,1,,W,2,,1059.00,0,1937054467,,24900002,311,4 21229,56.44,D0158000   3,,,C45590290,MORENO DENTAL ASSOCIATES,6101 BLAKE CENTER,9256 BENDIX RD,COLUMBIA,MD,21068,3,0,2026051525320261688322781,,,,,1467302800,Reversal,2026-07-30 22:42:06.816
76417027,0005,FMC MEDICAL PL/CM,2025-01-01,20,40,10,2025-01-01,C98184409,0,Singleton,David,M,,WA,98098,M,1979-03-12,767090417027,1,DS1,WA,Singleton,Isaac,M,CH,M,2009-06-03,2026-06-05,254,-119.20,-5.20,-149.00,2026160406041,1,,,,1,A,-114.00,114.00,0,0.00,0,0,0,0,0,0,0,0,10066155,1,2026-06-05,0,D,D0140,-119.20,0.00,0.00,,98156,403173320,"Aguilar,Carlos,C,DDS",WA,2026-06-09,1,23,14,2,2026-07-30,3965251,DA096,4,2,P,P,GDM,GCR,0,2,2026-12-26,LIMITED ORAL EVAL,CURTIS FAMILY DENTISTRY,ORS,,7324537,,DDS,O,0,,48320,,~0012,6,,,3,M,D0140,D,0.00,-29.80,90,,,,,,GE,0,-143.41,262110042401,0.00,D60,0.00,I,719,2,U,,0,0,1,,W,2,,5.20,0,1232301225,,14019999,112,5 98058,48.00,A0210000   2,,,C98184409,CURTIS FAMILY DENTISTRY,76628 LEON GLENS APT. 003,,SEATTLE,WA,98156,3,0,2026060525420261604060411,CURTIS FAMILY DENTISTRY,1024 WATSON ISLANDS APT. 748,SUITE B,SEATTLE,1232301225,Reversal,2026-07-30 22:42:06.816
76417027,0005,FMC MEDICAL PL/CM,2025-01-01,20,40,10,2025-01-01,C25683987,0,Lin,Douglas,M,,VA,23019,M,1983-07-19,767090417027,1,DH1,VA,Lin,Michael,G,CH,M,2014-10-10,2026-05-13,253,-41.13,0.00,-42.00,2026161515068,1,,,,1,A,-42.00,41.13,0,0.00,0,0,0,0,0,0,0,0,59658304,3,2026-05-13,0,D,D1206,-41.13,0.00,0.00,,22986,185847712,"Ashley,Stephen,N,DDS",VA,2026-06-10,2,23,14,2,2026-07-30,6368130362,DA096,4,1,P,P,GDM,GDM,0,2,2026-08-15,TOPICAL FLUORIDE VARNISH,MCDONALD DENTAL,DEN,,5245776,,DDS,O,0,,48320,,~0029,6,,,3,M,D1206,P,0.00,-0.87,90,,,,,,GE,0,-51.84,262110053062,0.00,D60,0.00,I,719,2,U,,0,0,1,,W,2,,112.67,0,1142572271,,97381600,112,2 23093,63.95,D0190000   2,,,C25683987,SCHMIDT FAMILY DENTISTRY,20662 JOHNSON CLUB SUITE 604,,ZION CROSSROADS,VA,22986,3,0,2026051325320261615150681,,,,,1406375116,Reversal,2026-07-30 22:42:06.816
76417027,106,FMC MEDICAL PL/CM,2025-01-01,20,40,10,2025-01-01,C09294767,0,Rocha,Megan,M,,VA,22256,F,1966-09-14,767090417027,1,DH1,VA,Rocha,Megan,M,IN,F,1966-09-14,2026-05-18,243,132.00,105.60,132.00,2026166188090,2,,,,0,A,0.00,0.00,0,0.00,0,0,0,0,0,0,0,0,67524879,3,2026-05-18,0,D,D4342,132.00,0.00,80.00,,22062,148129093,"Cox,April,A,DDS",VA,2026-07-30,1,19,0,2,2026-07-30,4585042202,DA096,4,1,P,P,GDM,GCD,6546,0,2026-02-08,ROOT PLAN-PER TOOTH,CLARKE DENTAL GROUP,PRD,,7290353,,DDS,O,0,,48320,,~0012,6,,,4,M,D4342,B,26.40,101.10,30,,,,,,GE,0,233.10,262110050553,0.00,D00,0.00,I,719,1,U,,0,0,1,,W,2,,422.40,0,1397900745,,12400001,106,4 22207,52.08,D0027000   2,,,C09294767,FREEMAN DENTAL,05887 SHAWN PORT,,FALLS CHURCH,VA,22062,3,0,2026051824320261661880902,CLARKE DENTAL GROUP,558 HAMPTON FALLS SUITE 615,SUITE 103,FALLS CHURCH,1397900745,Adjustment,2026-07-30 22:42:06.816
76417027,113,FMC MEDICAL PL/CM,2025-01-01,20,40,10,2025-01-01,C86300222,0,Ross,Ryan,Y,,MO,64079,M,1972-11-14,767090417027,1,DH1,MO,Ross,Kelly,J,SP,F,1959-02-13,2026-05-29,250,4200.00,163.33,6169.00,2026167381984,4,,,,1,A,0.00,0.00,9,3966.66,0,0,0,0,0,0,0,0,92816262,1,2026-05-29,0,D,D8090,4200.00,0.00,70.00,,64020,704029925,"Marquez,Jessica,DMD",MO,2026-07-30,1,10,0,2,2026-07-30,2392899,DA096,4,1,P,P,GDM,GCD,6546,1,2026-01-25,ORTHO TREATMENT,DAVIDSON ORAL SURGERY,DEN,,5082797,,DMD,O,0,,48320,,~0050,6,,,4,M,D8090,O,70.01,1969.00,90,,,,,,GE,0,0.00,262110041248,0.00,D60,0.00,I,719,2,U,,0,0,1,,W,2,,163.33,6,1932741220,,12400001,113,2 64081,42.62,A0101000   2,,OS 2026,C86300222,DIAZ ORAL SURGERY,5726 BONILLA BURGS SUITE 770,,LEES SUMMIT,MO,64020,3,0,2026052925020261673819844,STONE ORAL SURGERY,919 ERIC WALKS SUITE 480,,LEES SUMMIT,1831709270,Adjustment,2026-07-30 22:42:06.816
76417027,0005,FMC MEDICAL PL/CM,2025-01-01,20,40,10,2025-01-01,C74317153,0,Oconnor,Robert,M,,PA,15073,M,1987-02-04,767090417027,1,DS1,PA,Oconnor,Bethany,,CH,F,2020-02-04,2026-06-16,228,0.00,0.00,156.00,2026169453953,4,,,,1,,0.00,0.00,0,0.00,0,0,0,0,0,0,0,0,79800734,8,2026-06-16,0,D,D2392,0.00,0.00,55.00,,15136,471193670,"Craig,Jamie,R,DMD",PA,2026-07-30,2,71,0,2,2026-07-30,4928459,DA096,4,2,P,P,GDM,GCD,6546,3,2026-03-31,RESIN 2 SURF,PETERSON DENTAL,OTD,,9769434,,DMD,O,0,,48320,,~0092,6,,,3,M,D0000,B,0.00,0.00,T,M,O,,,,GE,0,263.70,262110024717,0.00,DGI,139.00,I,719,2,U,,0,0,1,,W,2,,0.00,0,1043845789,,97381400,455,1 15025,32.41,D0038000   2,,OS 2026,C74317153,ALLEN ORAL SURGERY,950 ALEXANDER PLAIN,500 N LEWIS RUN RD,WEST MIFFLIN,PA,15136,3,0,2026061622820261694539534,PETERSON DENTAL,0559 HODGES VIEW SUITE 213,STE 215A,WEST MIFFLIN,1460049659,Adjustment,2026-07-30 22:42:06.816
76417027,0005,FMC MEDICAL PL/CM,2025-01-01,20,40,10,2025-01-01,C09294767,0,Roberts,Megan,M,,VA,22256,F,1966-09-14,767090417027,1,DH1,VA,Roberts,Megan,M,IN,F,1966-09-14,2026-05-18,251,-132.00,-105.60,-132.00,2026166188090,1,,,,1,A,0.00,0.00,0,0.00,0,0,0,0,0,0,0,0,67524879,4,2026-05-18,0,D,D4342,-132.00,0.00,80.00,,22062,148129093,"Cox,April,A,DDS",VA,2026-06-29,1,23,14,2,2026-07-30,4585042202,DA096,4,1,P,P,GDM,GCD,0,0,2026-10-14,ROOT PLAN-PER TOOTH,CLARKE DENTAL GROUP,PRD,,0,,DDS,O,0,,48320,,~0012,6,,,4,M,D4342,B,26.40,-101.10,02,,,,,,GE,0,-233.10,262110050560,0.00,D00,0.00,I,719,1,U,,0,0,1,,W,2,,438.90,0,1397900745,,12400001,106,4 22207,52.08,D0027000   2,,,C09294767,FREEMAN DENTAL,05887 SHAWN PORT,,FALLS CHURCH,VA,22062,3,0,2026051825120261661880901,CLARKE DENTAL GROUP,558 HAMPTON FALLS SUITE 615,SUITE 103,FALLS CHURCH,1397900745,Reversal,2026-07-30 22:42:06.816
76417027,0005,FMC MEDICAL PL/CM,2025-01-01,20,40,10,2025-01-01,C59218294,0,Lin,Jason,M,,NV,89015,M,1959-09-01,767090417027,1,DH3,NV,Lin,Sandra,U,SP,F,1988-05-10,2026-06-10,251,79.00,21.10,26.38,2026167832659,2,,,,1,,0.00,0.00,0,0.00,0,0,0,0,0,0,0,0,26320078,3,2026-06-10,0,D,D2330,26.38,0.00,80.00,,0,265555362,"Johnson,Danny",WI,2026-07-29,2,10,0,1,2026-07-30,6310343,DA096,4,1,N,N,GDM,,0,1,2026-09-20,COMPOSITE 1 SURFACE,PETERSEN DENTAL ASSOCIATES,DEN,,0,,,,0,,48320,,,6,,,4,F,D2330,B,5.28,0.00,25,F,,,,,GE,0,0.00,262110014092,0.00,D00,0.00,O,719,2,U,,0,0,1,,W,2,,42.20,0,,,51500015,,0 99999,122.33,D0263000   A,,OS 2026,C59218294,PETERSEN DENTAL ASSOCIATES,19448 MEGAN MOUNTAIN,,RACINE,WI,0,3,0,2026061025120261678326592,,,,,,Adjustment,2026-07-30 22:42:06.816
76417027,112,FMC MEDICAL PL/CM,2025-01-01,20,40,10,2025-01-01,C05439552,0,Edwards,Robert,Q,,IL,60116,M,1953-02-17,767090417027,1,DH1,IL,Edwards,Robert,Q,IN,M,1953-02-17,2026-06-15,232,0.00,0.00,284.00,2026168335381,5,,,,1,A,0.00,0.00,0,0.00,0,0,0,0,0,0,0,0,85252705,2,2026-06-15,0,D,D9223,0.00,0.00,50.00,,60170,180535842,"Mitchell,Tony,O,DDS",IL,2026-07-30,2,71,0,2,2026-07-30,2007046724,DA096,4,1,P,P,GDM,GCD,6546,0,2026-06-14,GENERAL ANESTHESIA,CAMPBELL ORAL SURGERY,ORS,,3850407,,DDS,O,0,,48320,,~0009,6,,,4,M,D0000,B,0.00,0.00,90,,,,,,GE,0,342.90,262110049625,0.00,DGH,144.00,I,719,1,U,,0,0,1,,B,2,,0.00,0,1280616709,,24900002,112,3 60110,100.82,D0158000   3,,,C05439552,CAMPBELL ORAL SURGERY,08589 DIXON MOUNTAINS SUITE 335,,SCHAUMBURG,IL,60170,3,0,2026061523220261683353815,CAMPBELL ORAL SURGERY,08589 DIXON MOUNTAINS SUITE 335,,SCHAUMBURG,1280616709,Adjustment,2026-07-30 22:42:06.816
76417027,33C,FMC MEDICAL PL/CM,2025-01-01,20,40,10,2025-01-01,C48784049,0,Bennett,Benjamin,U,,IN,47077,M,1957-11-21,767090417027,1,DH1,IN,Bennett,Debra,J,SP,F,1957-07-26,2026-06-10,226,0.00,0.00,186.00,2026169455124,5,,,,1,A,0.00,0.00,0,0.00,0,0,0,0,0,0,0,0,68049363,5,2026-06-10,0,D,D9239,0.00,0.00,50.00,,46122,147899831,"Erickson,Joseph,M,DDS",IN,2026-07-30,2,71,0,2,2026-07-30,8822142824,DA096,4,1,N,N,GDM,,0,1,2026-01-03,IV SEDATION/ANALGESIA,MILLER DENTAL ASSOCIATES,DEN,,4526708,,DDS,,0,,48320,,,6,,,4,M,D0000,B,0.00,0.00,90,,,,,,GE,0,0.00,262110052417,0.00,DGI,186.00,O,719,2,U,,0,0,1,,B,2,,0.00,0,1428779048,,24900002,33C,2 47030,92.34,D0158000   3,,,C48784049,MILLER DENTAL ASSOCIATES,978 YOUNG CENTER SUITE 133,2450 E STATE ROAD 44,SHELBYVILLE,IN,46122,3,0,2026061022620261694551245,MILLER DENTAL ASSOCIATES,002 CHRISTIAN PLAZA APT. 349,STE F.,SHELBYVILLE,1428779048,Adjustment,2026-07-30 22:42:06.816
76417027,0005,FMC MEDICAL PL/CM,2025-01-01,20,40,10,2025-01-01,C59422384,0,Green,Jordan,,,FL,32871,F,1946-02-07,767090417027,1,DS3,FL,Green,Jordan,,IN,F,1946-02-07,2026-06-16,235,0.00,0.00,951.00,2026169486359,3,,,,1,,0.00,0.00,0,0.00,0,0,0,0,0,0,0,0,71857215,7,2026-06-16,0,D,D7953,0.00,0.00,0.00,,32871,164346277,"Gutierrez,Julie,C,DMD",FL,2026-07-30,1,10,0,2,2026-07-30,8174798896,DA096,4,2,P,P,GDM,GCD,6546,0,2026-07-24,BONE REPLACEMENT GRAFT,JONES FAMILY DENTISTRY,DEN,,4682697,,DMD,O,0,,48320,,~0117,6,,,1,M,D0000,P,0.00,0.00,07,,,,,,GE,0,989.10,262110026508,0.00,D01,444.00,I,719,1,U,,0,0,1,,B,2,,15.05,0,1928654829,,ABNAVYAN,,2 32812,26.24,AD0265000  J,,,C59422384,PAUL DENTAL,2733 JACOB MILL,,ATLANTA,GA,31126,3,0,2026061623520261694863593,SAWYER DENTAL ASSOCIATES,2470 MELINDA CORNER,,ORLANDO,1017253803,Adjustment,2026-07-30 22:42:06.816
76417027,316,FMC MEDICAL PL/CM,2025-01-01,20,40,10,2025-01-01,C69006046,0,Murphy,Michael,,,MO,64069,M,1973-10-07,767090417027,1,DH1,MO,Murphy,Sean,J,CH,M,2007-06-25,2026-06-15,240,0.00,0.00,162.00,2026168982776,3,,,,1,A,0.00,0.00,0,0.00,0,0,0,0,0,0,0,0,70049626,1,2026-06-15,0,D,D2950,0.00,0.00,50.00,,64041,704029925,"Stewart,Mark,DDS",MO,2026-07-30,1,71,0,2,2026-07-30,5636311,DA096,4,1,P,P,GDM,GCD,6546,1,2026-01-15,CROWN BUILD-UP,DAVIDSON ORAL SURGERY,DEN,,5273130,,DDS,O,0,,48320,,~0050,6,,,4,M,D0000,B,0.00,0.00,09,,,,,,GE,0,359.10,262110054451,0.00,DGI,162.00,I,719,2,U,,0,0,1,,B,2,,0.00,0,1079877863,,12400001,315,2 64011,42.62,A0184000   2,,,C69006046,HOWE DENTAL ASSOCIATES,6152 LISA VILLE,1200 NW BUCKNER TARSNEY,GRAIN VALLEY,MO,64041,3,0,2026061524020261689827763,,,,,1105697468,Adjustment,2026-07-30 22:42:06.816
76417027,111,FMC MEDICAL PL/CM,2025-01-01,20,40,10,2025-01-01,C77236526,0,Edwards,Jeremy,Q,,CA,91332,M,1995-03-08,767090417027,1,DS1,CA,Edwards,Jeremy,Q,IN,M,1995-03-08,2025-10-08,206,0.00,0.00,230.00,2026162607426,4,,,,1,A,0.00,0.00,0,0.00,0,0,0,0,0,0,0,0,51451051,3,2025-10-08,0,D,D9223,0.00,0.00,30.00,,90083,527481597,"Burns,Donna,D,DDS",CA,2026-07-30,4,10,0,2,2026-07-30,9241493221,DA096,4,2,N,N,GDM,,0,0,2026-02-09,GENERAL ANESTHESIA,MCCANN ORAL SURGERY,ORS,,10842490,,DDS,,0,,48320,,,6,,,1,M,D0000,B,0.00,0.00,90,,,,,,GE,0,0.00,262110056587,0.00,DGH,230.00,O,719,1,U,,0,0,1,,A,2,,339.00,0,1746665678,,14019999,111,5 91355,16.00,A0210000   2,,,C77236526,SINGH FAMILY DENTISTRY,4066 JONES COVES APT. 015,,LOS ANGELES,CA,90083,3,0,2025100820620261626074264,DANIELS ORAL SURGERY,4066 JONES COVES APT. 015,,LOS ANGELES,1316352548,Adjustment,2026-07-30 22:42:06.816
76417027,111,FMC MEDICAL PL/CM,2025-01-01,20,40,10,2025-01-01,C68336415,0,Morales,Alejandra,,,FL,34702,F,1957-01-16,767090417027,1,DH1,FL,Morales,Alejandra,,IN,F,1957-01-16,2026-01-21,236,0.00,0.00,1500.00,2026163462621,3,,,,1,A,0.00,0.00,0,0.00,0,0,0,0,0,0,0,0,99017662,5,2026-01-21,0,D,D7953,0.00,0.00,0.00,,34702,201026666,"Ruiz,Victoria,A,DMD MD",FL,2026-07-30,1,10,0,2,2026-07-30,3260069,DA096,4,1,P,P,GDM,GCD,6546,0,2026-05-15,BONE REPLACEMENT GRAFT,WILLIAMS DENTAL ASSOCIATES,ORS,,4770381,,DMD,O,0,,48320,,~0011,6,,,1,M,D0000,P,0.00,0.00,07,,,,,,GE,0,886.50,262110042547,0.00,D01,361.00,I,719,1,U,,0,0,1,,W,2,,9.00,0,1314368732,,24900002,,2 34744,46.19,D0158000   3,,,C68336415,WILLIAMS DENTAL ASSOCIATES,82347 HOPKINS CLIFFS,,KISSIMMEE,FL,34702,3,0,2026012123620261634626213,WILLIAMS DENTAL ASSOCIATES,82347 HOPKINS CLIFFS,,KISSIMMEE,1314368732,Adjustment,2026-07-30 22:42:06.816
76417027,111,FMC MEDICAL PL/CM,2025-01-01,20,40,10,2025-01-01,C15143590,0,Allen,Adam,U,,OH,45215,M,1956-03-23,767090417027,1,DS1,OH,Allen,Adam,U,IN,M,1956-03-23,2026-04-08,246,17.00,12.75,48.00,2026163433299,2,,,,0,A,0.00,0.00,0,0.00,0,0,0,0,0,0,0,0,83269350,2,2026-04-08,0,D,D0270,17.00,0.00,75.00,,45296,267996945,"Fleming,Breanna,DMD",OH,2026-07-30,1,19,0,2,2026-07-30,2833235,DA096,4,2,N,N,GDM,,0,0,2026-10-11,SINGLE BITEWING XRAY,PEARSON DENTAL GROUP,DEN,,1125642,,DMD,,0,,48320,,,6,,,1,M,D0270,D,4.25,0.00,90,,,,,,GE,0,0.00,262110025198,0.00,D37,31.00,O,719,1,U,,0,0,1,,,2,,142.65,0,1775886195,,12400001,111,2 45223,12.11,A0231000   2,,,C15143590,ROBERTS DENTAL GROUP,165 CHEN ROADS,,CINCINNATI,OH,45296,3,0,2026040824620261634332992,REID DENTAL ASSOCIATES,1021 BLAIR MANOR,SUITE 1,CINCINNATI,1775886195,Adjustment,2026-07-30 22:42:06.816
76417027,0005,FMC MEDICAL PL/CM,2025-01-01,20,40,10,2025-01-01,C93492183,0,Ochoa,Heather,J,,MI,49493,F,1972-11-14,767090417027,1,DS1,MI,Ochoa,Timothy,J,CH,M,2006-12-29,2025-07-24,248,-362.05,-126.71,-373.00,2026161585717,1,,,,1,A,-175.05,0.00,0,0.00,0,0,0,0,0,0,0,0,62080237,4,2025-07-24,0,D,D9222,-362.05,0.00,35.00,,49448,122877631,"Duffy,Micheal,J,DDS",MI,2026-06-29,1,23,14,2,2026-07-30,1416880610,DA096,4,2,P,P,GDM,GDM,0,3,2026-12-08,GENERAL ANESTHESIA,THOMAS DENTAL,ORS,,0,,DDS,O,0,,48320,,~0081,6,,,4,M,D9222,B,235.34,-10.95,90,,,,,,GE,0,-319.50,262110027828,0.00,D60,0.00,I,719,2,U,,0,0,1,,B,2,,555.69,0,1326514578,,12400001,112,2 49426,24.22,A0146000   2,,,C93492183,PRESTON DENTAL,84248 DANIEL MEADOWS,,GRANDVILLE,MI,49448,3,0,2025072424820261615857171,THOMAS DENTAL,4294 HERNANDEZ CAMP SUITE 998,SUITE 106,GRANDVILLE,1652626028,Reversal,2026-07-30 22:42:06.816
76417027,105,FMC MEDICAL PL/CM,2025-01-01,20,40,10,2025-01-01,C72925324,0,Grant,Jeffrey,U,,NJ,7726,M,1957-12-27,767090417027,1,DH1,NJ,Grant,Jessica,,SP,F,1966-10-05,2026-05-13,243,19.00,19.00,45.00,2026167698922,2,,,,0,A,0.00,0.00,0,0.00,0,0,0,0,0,0,0,0,88248063,1,2026-05-13,0,D,D0220,19.00,0.00,0.00,,7726,446313800,"Evans,Danielle,DDS",NJ,2026-07-30,1,19,0,2,2026-07-30,6494822718,DA096,4,1,P,P,GDM,GCR,6548,1,2026-10-27,1ST PERIAPICAL XRAY,HILL DENTAL ASSOCIATES,DEN,,7330496,,DDS,O,0,,48320,,~0005,6,,,4,M,D0220,D,0.00,26.00,95,,,,,,GE,0,39.60,262110038405,0.00,D60,0.00,I,719,2,U,,0,0,1,,W,2,,108.00,0,1220064988,,24900002,105,5 07724,122.33,D0158000   3,,,C72925324,JACKSON ORAL SURGERY,558 ANTHONY VIADUCT APT. 629,178 NJ-35,EATONTOWN,NJ,7726,3,0,2026051324320261676989222,HILL DENTAL ASSOCIATES,5018 RAMSEY SHOALS APT. 552,UNIT 6,EATONTOWN,1693873745,Adjustment,2026-07-30 22:42:06.816
76417027,0005,FMC MEDICAL PL/CM,2025-01-01,20,40,10,2025-01-01,C84665388,0,Chapman,Austin,Y,,MD,20606,M,1982-02-10,767090417027,1,DH1,MD,Chapman,Austin,Y,IN,M,1982-02-10,2026-06-16,248,110.00,88.00,422.24,2026168338063,2,,,,1,,0.00,0.00,0,0.00,0,0,0,0,0,0,0,0,34008304,8,2026-06-16,0,D,D7140,110.00,0.00,80.00,,22078,778786226,"Garcia,Gregory,D,DDS",VA,2026-07-30,1,10,0,2,2026-07-30,2765504,DA096,4,1,P,P,GDM,GCD,6546,0,2026-06-16,EXTRACTION,WARD ORAL SURGERY,DEN,,3397105,,DDS,O,0,,48320,,~0097,6,,,1,M,D7140,B,22.00,312.24,17,,,,,,GE,0,291.60,262110014081,0.00,D57,0.00,I,719,1,U,,0,0,1,,W,2,,524.80,0,1290670898,,18000009,RAD,4 20616,26.05,D0145000   2,,OS 2026,C84665388,WARD ORAL SURGERY,1090 CASSANDRA GATEWAY SUITE 637,3299 WOODBURN ROAD,ANNANDALE,VA,22078,3,0,2026061624820261683380632,SCOTT FAMILY DENTISTRY,5064 PROCTOR ISLE APT. 395,STE 120,ANNANDALE,,Adjustment,2026-07-30 22:42:06.816
76417027,SMA,FMC MEDICAL PL/CM,2025-01-01,20,40,10,2025-01-01,C32346088,0,Williams,Miguel,Q,,IL,62230,M,1945-09-20,767090417027,1,DH1,IL,Williams,Jacqueline,U,SP,F,1946-08-18,2026-04-23,248,53.00,53.00,120.00,2026161639245,2,,,,1,A,39.00,0.00,0,0.00,0,0,0,0,0,0,0,0,15186785,1,2026-04-23,0,D,D1110,53.00,0.00,0.00,,62230,26343274,"Anderson,James,E,DMD",IL,2026-07-30,1,10,0,2,2026-07-30,7956351002,DA096,4,1,N,N,GDM,,0,1,2026-12-29,DENTAL PROPHY ADULTS,MILLER DENTAL ASSOCIATES,DEN,,1935291,,DMD,,0,,48320,,,6,,,4,M,D1110,P,0.00,0.00,90,,,,,,GE,0,0.00,262110043991,0.00,D37,67.00,O,719,2,U,,0,0,1,,W,2,,53.00,0,1645778357,,24900002,316,2 62249,92.34,D0158000   3,,,C32346088,THOMPSON DENTAL GROUP,2864 STEPHANIE LODGE,,HIGHLAND,IL,62230,3,0,2026042324820261616392452,MILLER DENTAL ASSOCIATES,887 JULIE OVAL SUITE 017,,HIGHLAND,1242136242,Adjustment,2026-07-30 22:42:06.816
76417027,256,FMC MEDICAL PL/CM,2025-01-01,20,40,10,2025-01-01,C81590900,0,Jennings,Jason,,,VA,23824,M,1962-06-30,767090417027,1,DH1,VA,Jennings,Cheryl,U,SP,F,1959-04-17,2026-06-15,244,0.00,0.00,1406.00,2026167452397,2,,,,1,A,0.00,0.00,0,0.00,0,0,0,0,0,0,0,0,34067589,3,2026-06-15,0,D,D6245,0.00,0.00,50.00,,23859,620563361,"Moore,Samantha,DMD",VA,2026-07-30,1,71,0,2,2026-07-30,3370384710,DA096,4,1,P,P,GDM,GCD,6546,1,2026-09-11,PORC/CERAMIC PONTIC,KENNEDY DENTAL GROUP,DEN,,1154366,X,DMD,O,0,,48320,,~0077,6,,,4,M,D0000,M,0.00,0.00,25,,,,,,GE,0,1431.90,262110020470,0.00,DGU,1186.00,I,719,2,U,,0,0,1,,W,2,,0.00,0,1594379212,,24900002,256,2 23834,92.34,D0158000   3,,,C81590900,KENNEDY DENTAL GROUP,900 KNIGHT WAY SUITE 381,11601 IRON BRIDGE RD,CHESTER,VA,23859,3,0,2026061524420261674523972,,,,,1999104896,Adjustment,2026-07-30 22:42:06.816
76417027,0005,FMC MEDICAL PL/CM,2025-01-01,20,40,10,2025-01-01,C31469798,0,Jennings,Benjamin,,,IL,60737,M,1974-09-22,767090417027,1,DS1,IL,Jennings,Benjamin,,IN,M,1974-09-22,2026-05-20,251,-64.00,-8.00,-91.00,2026166152412,1,,,,1,A,-56.00,56.00,0,0.00,0,0,0,0,0,0,0,0,94615598,1,2026-05-20,0,D,D0120,-64.00,0.00,0.00,,60614,854704904,"Jones,James,A,DDS",IL,2026-06-26,1,23,14,2,2026-07-30,0263069,DA096,4,2,P,P,GDM,GCD,0,0,2026-10-05,PERIODIC ORAL EVAL,BARR FAMILY DENTISTRY,DEN,,0,,DDS,O,0,,48320,,~0134,6,,,4,M,D0120,D,0.00,-27.00,90,,,,,,GE,0,-82.80,262110018619,0.00,D60,0.00,I,719,1,U,,0,0,1,,W,2,,8.00,0,1821703956,,12400001,112,3 60634,26.48,A0117000   2,,OS 2025,C31469798,RIVERA DENTAL GROUP,5292 GARRISON ORCHARD APT. 287,7601 W IRVING PARK RD,CHICAGO,IL,60614,3,0,2026052025120261661524121,BARR FAMILY DENTISTRY,260 DAVIES SQUARE,SUITE 102,CHICAGO,1571706640,Reversal,2026-07-30 22:42:06.816
76417027,112,FMC MEDICAL PL/CM,2025-01-01,20,40,10,2025-01-01,C36308234,0,Hernandez,Stacy,,,FL,33103,F,1982-04-19,767090417027,1,DH1,FL,Hernandez,Stacy,,IN,F,1982-04-19,2026-06-08,247,66.00,35.00,124.00,2026160501263,2,,,,0,A,31.00,31.00,0,0.00,0,0,0,0,0,0,0,0,69456967,3,2026-06-08,0,D,D0150,66.00,0.00,0.00,,33106,617108525,"Wolf,Andrea,S,DDS",FL,2026-07-30,1,19,0,2,2026-07-30,6704584939,DA096,4,1,P,P,GDM,GCD,6546,0,2026-05-18,COMPREHENSIVE EVAL,SANDERS DENTAL ASSOCIATES,DEN,,7147837,,DDS,O,0,,48320,,~0012,6,,,3,M,D0150,D,0.00,58.00,90,,,,,,GE,0,179.10,262110051669,0.00,D60,0.00,I,719,1,U,,0,0,1,,W,2,,35.00,0,1571096958,,97381600,112,3 33196,69.79,D0190000   2,,,C36308234,SANDERS DENTAL ASSOCIATES,34298 FULLER HARBOR,,MIAMI,FL,33106,3,0,2026060824720261605012632,,,,,1571096958,Adjustment,2026-07-30 22:42:06.816
76417027,871,FMC MEDICAL PL/CM,2025-01-01,20,40,10,2025-01-01,C90041088,0,Barnes,Joshua,Y,,HI,96796,M,1954-09-10,767090417027,1,DH1,HI,Barnes,Joshua,Y,IN,M,1954-09-10,2026-04-02,247,29.00,12.00,58.00,2026164146016,2,,,,0,A,46.00,17.00,0,0.00,0,0,0,0,0,0,0,0,55194590,1,2026-04-02,0,D,D0120,29.00,0.00,0.00,,96796,987864553,"Wilson,Alexandra,DDS",HI,2026-07-30,1,19,0,2,2026-07-30,8335750512,DA096,4,1,N,N,GDM,,0,0,2026-02-06,PERIODIC ORAL EVAL,LINDSEY ORAL SURGERY,DEN,,10578121,,DDS,,0,,48320,,,6,,,1,M,D0120,D,0.00,0.00,90,,,,,,GE,0,0.00,262110038308,0.00,D37,29.00,O,719,1,U,,0,0,1,,W,2,,30.50,0,1550917121,,24900002,871,3 96720,50.40,D0158000   3,,,C90041088,SHEPHERD DENTAL GROUP,7770 SANDRA DAM,,HILO,HI,96796,3,0,2026040224720261641460162,LINDSEY ORAL SURGERY,92477 ANNA TUNNEL,SUITE 3,HILO,1364384468,Adjustment,2026-07-30 22:42:06.816
76417027,314,FMC MEDICAL PL/CM,2025-01-01,20,40,10,2025-01-01,C86169513,0,Howard,Karen,U,,AZ,86407,F,1950-12-07,767090417027,1,DS1,AZ,Howard,Karen,U,IN,F,1950-12-07,2026-04-20,246,0.00,0.00,1350.00,2026163982304,2,,,,1,A,0.00,0.00,0,0.00,0,0,0,0,0,0,0,0,52346498,2,2026-04-20,0,D,D2791,0.00,0.00,0.00,,93578,584559340,"Saunders,Andrea,DDS",CA,2026-07-30,2,70,0,2,2026-07-30,1887236923,DA096,4,2,N,N,GDM,,0,0,2026-01-26,CROWN FULL CAST BASE,LOWE DENTAL GROUP,DEN,,2594938,,DDS,,0,,48320,,,6,,,1,M,D0000,M,0.00,0.00,19,,,,,,GE,0,0.00,262110016863,0.00,D50,1350.00,O,719,1,U,,0,0,1,,,2,,0.00,0,1108855866,,24900002,314,3 86403,28.75,D0158000   3,,,C86169513,LOWE DENTAL GROUP,2797 REYES VISTA,,RIDGECREST,CA,93578,3,0,2026042024620261639823042,,,,,1108855866,Adjustment,2026-07-30 22:42:06.816
76416933,0001,FMC MEDICAL PL/CM,2025-01-01,20,40,10,2025-01-01,C78239255,0,Walker,Matthew,J,,IN,47705,M,1983-07-12,767002416933,1,B10,IN,Walker,Elizabeth,Q,CH,F,2009-11-19,2026-04-29,254,-114.38,-80.00,-80.00,2026167141404,1,,,,1,,0.00,0.00,0,0.00,0,0,0,0,0,0,0,0,88930446,3,2026-04-29,0,D,D1110,-80.00,0.00,0.00,,47705,312810115,"Clark,Julie,M,DDS",IN,2026-07-18,1,23,14,2,2026-07-30,5640374447,CN174,4,4,N,N,GCD,,0,3,2026-09-03,DENTAL PROPHY ADULTS,CLARK DENTAL ASSOCIATES,DEN,,0,,DDS,,0,,48352,,,6,,,3,M,D1110,P,0.00,0.00,90,,,,,,70,0,0.00,262110003125,0.00,D00,0.00,O,719,2,M,,0,0,1,,W,2,,175.00,0,1590550478,,97381600,1385,,,3423251B 000000,,,C78239255,DEAN DENTAL,81047 PAUL MEADOWS,1331 W BOONVILLE NEW,EVANSVILLE,IN,47705,3,0,2026042925420261671414041,CLARK DENTAL ASSOCIATES,30721 WHITAKER CURVE APT. 751,,EVANSVILLE,1590550478,Reversal,2026-07-30 22:42:06.816
76417027,311,FMC MEDICAL PL/CM,2025-01-01,20,40,10,2025-01-01,C45590290,0,Brown,Pamela,Q,,MD,21265,F,1952-08-06,767090417027,1,DH1,MD,Brown,Pamela,Q,IN,F,1952-08-06,2026-05-15,235,0.00,0.00,440.00,2026168832278,2,,,,1,A,0.00,0.00,0,0.00,0,0,0,0,0,0,0,0,50369309,1,2026-05-15,0,D,D9230,0.00,0.00,50.00,,21068,145951133,"Stewart,Alvin,L,DMD",MD,2026-07-30,1,70,0,2,2026-07-30,9011558678,DA096,4,1,N,N,GDM,,0,0,2026-12-07,ANALGESIA/NITROUS,CLARK DENTAL GROUP,PDD,,11601188,,DMD,,0,,48320,,,6,,,1,M,D0000,B,0.00,0.00,90,,,,,,GE,0,0.00,262110030438,0.00,D50,440.00,O,719,1,U,,0,0,1,,B,2,,0.00,0,1937054467,,24900002,311,4 21229,56.44,D0158000   3,,,C45590290,MORENO DENTAL ASSOCIATES,6101 BLAKE CENTER,9256 BENDIX RD,COLUMBIA,MD,21068,3,0,2026051523520261688322782,,,,,1467302800,Adjustment,2026-07-30 22:42:06.816
76417027,0005,FMC MEDICAL PL/CM,2025-01-01,20,40,10,2025-01-01,C61143194,0,Weber,Ryan,U,,PA,17806,M,1953-06-21,767090417027,1,DH3,PA,Weber,Kathleen,Y,SP,F,1963-05-28,2026-03-16,252,0.00,0.00,-1466.00,2026161432527,1,,,,1,A,0.00,0.00,0,0.00,0,0,0,0,0,0,0,0,38479010,2,2026-03-16,0,D,D2740,0.00,0.00,50.00,,17806,770217191,"Hunt,Corey,DMD",PA,2026-06-10,1,23,14,2,2026-07-30,7225006715,DA096,4,1,N,N,GDM,,0,1,2026-05-30,PORCELAIN-CERAMIC CROWN,LOPEZ ORAL SURGERY,DEN,,3573621,,DMD,,0,,48320,,,6,,,4,M,D0000,M,0.00,0.00,26,,,,,,GE,0,0.00,262110053930,0.00,D50,-1466.00,O,719,2,U,,0,0,1,,W,2,,0.00,0,1948584419,,51500015,,1 17842,82.16,D0265000   A,,,C61143194,CAREY ORAL SURGERY,00092 GARDNER DAM SUITE 420,,MELVILLE,NY,11795,3,0,2026031625220261614325271,SULLIVAN DENTAL ASSOCIATES,373 COHEN STATION SUITE 411,,MIDDLEBURG,1839773906,Reversal,2026-07-30 22:42:06.816
76417027,E32,FMC MEDICAL PL/CM,2025-01-01,20,40,10,2025-01-01,C74839962,0,Wu,Joseph,,,VA,22055,M,1945-03-13,767090417027,1,DH1,VA,Wu,Shelley,,SP,F,1958-10-26,2026-06-10,238,19.00,19.00,37.00,2026162442975,2,,,,1,A,0.00,0.00,0,0.00,0,0,0,0,0,0,0,0,68899168,2,2026-06-10,0,D,D0220,19.00,0.00,0.00,,22092,732354297,"Ramos,Shawn,P,DDS",VA,2026-07-30,1,10,0,2,2026-07-30,7875606,DA096,4,1,P,P,GDM,GCD,6546,1,2026-10-26,1ST PERIAPICAL XRAY,DAVILA DENTAL GROUP,DEN,,5325741,,DDS,O,0,,48320,,~0010,6,,,4,M,D0220,D,0.00,18.00,08,,,,,,GE,0,43.20,262110045270,0.00,D60,0.00,I,719,2,U,,0,0,1,,W,2,,19.00,0,1451998982,,24900002,E32,4 22015,112.84,D0158000   3,,,C74839962,DAVILA DENTAL GROUP,5292 GARRISON ORCHARD APT. 287,11351 RANDOM HILLS RD,FAIRFAX,VA,22092,3,0,2026061023820261624429752,HARRIS FAMILY DENTISTRY,6249 LISA PLAINS SUITE 890,SUITE 102,FAIRFAX,1404853487,Adjustment,2026-07-30 22:42:06.816
76417027,0005,FMC MEDICAL PL/CM,2025-01-01,20,40,10,2025-01-01,C26169530,0,Johnson,Erin,J,,AZ,85349,F,1950-04-24,767090417027,1,DH1,AZ,Johnson,Edward,Y,SP,M,1952-09-15,2026-05-19,250,-19.00,-19.00,-40.00,2026160405634,1,,,,1,A,0.00,0.00,0,0.00,0,0,0,0,0,0,0,0,44913041,2,2026-05-19,0,D,D0220,-19.00,0.00,0.00,,85349,173820664,"Tucker,Marc,DDS",AZ,2026-06-10,1,23,14,2,2026-07-30,2478582,DA096,4,1,P,P,GDM,GCD,0,1,2026-06-22,1ST PERIAPICAL XRAY,DAVIS DENTAL ASSOCIATES,DEN,,0,,DDS,O,0,,48320,,~0013,6,,,4,M,D0220,D,0.00,-21.00,90,,,,,,GE,0,-52.20,262110022842,0.00,D60,0.00,I,719,2,U,,0,0,1,,W,2,,88.00,0,1771642044,,24900002,113,3 85383,100.82,D0158000   3,,,C26169530,DAVIS DENTAL ASSOCIATES,32598 BAUTISTA WAY APT. 385,28620 N EL MIRAGE RD,PEORIA,AZ,85349,3,0,2026051925020261604056341,DAVIS DENTAL ASSOCIATES,480 CRUZ BRANCH SUITE 824,SUITE 104,PEORIA,1771642044,Reversal,2026-07-30 22:42:06.816
76417027,0005,FMC MEDICAL PL/CM,2025-01-01,20,40,10,2025-01-01,C31469798,0,Warner,Benjamin,,,IL,60737,M,1974-09-22,767090417027,1,DS1,IL,Warner,Benjamin,,IN,M,1974-09-22,2026-05-20,253,0.00,0.00,-50.00,2026166152412,1,,,,1,A,0.00,0.00,0,0.00,0,0,0,0,0,0,0,0,94615598,3,2026-05-20,0,D,D1206,0.00,0.00,0.00,,60614,854704904,"Jones,James,A,DDS",IL,2026-06-26,1,23,14,2,2026-07-30,0263069,DA096,4,2,P,P,GDM,GCD,0,0,2026-11-12,TOPICAL FLUORIDE VARNISH,BARR FAMILY DENTISTRY,DEN,,0,,DDS,O,0,,48320,,~0134,6,,,4,M,D0000,P,0.00,0.00,90,,,,,,GE,0,-68.40,262110018621,0.00,D08,-50.00,I,719,1,U,,0,0,1,,W,2,,8.00,0,1821703956,,12400001,112,3 60634,26.48,A0117000   2,,OS 2025,C31469798,RIVERA DENTAL GROUP,5292 GARRISON ORCHARD APT. 287,7601 W IRVING PARK RD,CHICAGO,IL,60614,3,0,2026052025320261661524121,BARR FAMILY DENTISTRY,260 DAVIES SQUARE,SUITE 102,CHICAGO,1571706640,Reversal,2026-07-30 22:42:06.816
76417027,113,FMC MEDICAL PL/CM,2025-01-01,20,40,10,2025-01-01,C14966757,0,Patterson,Isaac,Y,,MD,21046,M,1967-11-15,767090417027,1,DH1,MD,Patterson,Jacqueline,,SP,F,1968-12-06,2026-06-05,240,0.00,0.00,463.00,2026166199577,2,,,,1,A,0.00,0.00,0,0.00,0,0,0,0,0,0,0,0,73891159,1,2026-06-05,0,D,D7210,0.00,0.00,80.00,,21068,649925870,"Gray,Peter,I,DMD MS",MD,2026-07-30,1,71,0,2,2026-07-30,3031961848,DA096,4,1,P,P,GDM,GCD,6546,1,2026-11-09,EXTRACTION-SURGICAL,HILL ORAL SURGERY,DEN,,8413219,,DMD,O,0,,48320,,~0115,6,,,4,M,D0000,B,0.00,0.00,02,,,,,,GE,0,408.60,262110055260,0.00,DGI,243.00,I,719,2,U,,0,0,1,,W,2,,0.00,0,1888105780,,21006944,113,4 21048,52.08,D0101000   2,,OS 2025,C14966757,HILL ORAL SURGERY,91442 SCOTT ISLE,,COLUMBIA,MD,21068,3,0,2026060524020261661995772,MEDINA FAMILY DENTISTRY,165 CHRISTOPHER GLEN,SUITE 208,COLUMBIA,1411948063,Adjustment,2026-07-30 22:42:06.816
76417027,0005,FMC MEDICAL PL/CM,2025-01-01,20,40,10,2025-01-01,C45590290,0,White,Pamela,Q,,MD,21265,F,1952-08-06,767090417027,1,DH1,MD,White,Pamela,Q,IN,F,1952-08-06,2026-05-15,250,0.00,0.00,-915.00,2026168832278,1,,,,1,A,0.00,0.00,0,0.00,0,0,0,0,0,0,0,0,50369309,3,2026-05-15,0,D,D4265,0.00,0.00,0.00,,21068,145951133,"Stewart,Alvin,L,DMD",MD,2026-06-17,4,23,14,2,2026-07-30,9011558678,DA096,4,1,N,N,GDM,,0,0,2026-07-25,BIOLOGIC MATERIALS,CLARK DENTAL GROUP,PDD,,0,,DMD,,0,,48320,,,6,,,1,M,D0000,P,0.00,0.00,30,,,,,,GE,0,0.00,262110030446,0.00,D01,-915.00,O,719,1,U,,0,0,1,,W,2,,1059.00,0,1937054467,,24900002,311,4 21229,56.44,D0158000   3,,,C45590290,MORENO DENTAL ASSOCIATES,6101 BLAKE CENTER,9256 BENDIX RD,COLUMBIA,MD,21068,3,0,2026051525020261688322781,,,,,1467302800,Reversal,2026-07-30 22:42:06.816
76417027,0005,FMC MEDICAL PL/CM,2025-01-01,20,40,10,2025-01-01,C90041088,0,Moore,Joshua,Y,,HI,96796,M,1954-09-10,767090417027,1,DH1,HI,Moore,Joshua,Y,IN,M,1954-09-10,2026-04-02,252,-66.00,0.00,-90.00,2026164146016,1,,,,1,A,-90.00,66.00,0,0.00,0,0,0,0,0,0,0,0,55194590,2,2026-04-02,0,D,D1110,-66.00,0.00,0.00,,96796,987864553,"Wilson,Alexandra,DDS",HI,2026-06-26,1,23,14,2,2026-07-30,8335750512,DA096,4,1,N,N,GDM,,0,0,2026-11-08,DENTAL PROPHY ADULTS,LINDSEY ORAL SURGERY,DEN,,0,,DDS,,0,,48320,,,6,,,1,M,D1110,P,0.00,0.00,90,,,,,,GE,0,0.00,262110038312,0.00,D37,-24.00,O,719,1,U,,0,0,1,,W,2,,12.00,0,1550917121,,24900002,871,3 96720,50.40,D0158000   3,,,C90041088,SHEPHERD DENTAL GROUP,7770 SANDRA DAM,,HILO,HI,96796,3,0,2026040225220261641460161,LINDSEY ORAL SURGERY,92477 ANNA TUNNEL,SUITE 3,HILO,1364384468,Reversal,2026-07-30 22:42:06.816
76417027,0005,FMC MEDICAL PL/CM,2025-01-01,20,40,10,2025-01-01,C36300162,0,Lewis,Katherine,U,,IL,60183,F,1982-12-05,767090417027,1,DS1,IL,Lewis,Cassandra,U,CH,F,2012-08-09,2026-06-09,252,-58.00,0.00,-84.00,2026161431656,1,,,,1,A,-84.00,58.00,0,0.00,0,0,0,0,0,0,0,0,23068022,3,2026-06-09,0,D,D1120,-58.00,0.00,0.00,,60183,960807251,"Aguirre,Samantha,R,DMD",IL,2026-06-11,1,23,14,2,2026-07-30,1144530546,DA096,4,2,P,P,GDM,GCD,0,2,2026-08-16,DENTAL PROPHY CHILD,UNDERWOOD FAMILY DENTISTRY,PDN,,0,,DMD,O,0,,48320,,~0072,6,,,3,M,D1120,P,0.00,-26.00,90,,,,,,GE,0,-94.50,262110053285,0.00,D60,0.00,I,719,2,U,,0,0,1,,W,2,,56.00,0,1746930562,,97381600,112,3 60108,39.75,D0190000   2,,,C36300162,UNDERWOOD FAMILY DENTISTRY,91699 ASHLEE WAY SUITE 544,,BLOOMINGDALE,IL,60183,3,0,2026060925220261614316561,UNDERWOOD FAMILY DENTISTRY,0862 SINGH RAPID,SUITE C,BLOOMINGDALE,1746930562,Reversal,2026-07-30 22:42:06.816
76417027,0005,FMC MEDICAL PL/CM,2025-01-01,20,40,10,2025-01-01,C89695076,0,Barnes,Joshua,Y,,CA,92207,M,1959-04-04,767090417027,1,DH1,CA,Barnes,Joshua,Y,IN,M,1959-04-04,2025-10-08,232,-166.00,-132.80,-455.00,2026161370768,4,,,,1,A,0.00,0.00,0,0.00,0,0,0,0,0,0,0,0,13838515,10,2025-10-08,0,D,D7210,-166.00,0.00,80.00,,92207,793412220,"Andrews,Jeremiah,M,DDS",CA,2026-07-02,2,23,14,2,2026-07-30,6426628044,DA096,4,1,N,N,GDM,,0,0,2026-05-22,EXTRACTION-SURGICAL,DAVIS FAMILY DENTISTRY,DEN,,0,,DDS,,0,,48320,,,6,,,4,M,D7210,B,33.20,0.00,26,,,,,,GE,0,0.00,262110019838,0.00,D37,-289.00,O,719,1,U,,0,0,1,,W,2,,132.80,0,1387099256,,24900002,113,5 92270,122.33,D0158000   3,,,C89695076,DAVIS FAMILY DENTISTRY,4720 SMITH CAMP APT. 514,,RANCHO MIRAGE,CA,92207,3,0,2025100823220261613707684,VELASQUEZ FAMILY DENTISTRY,7649 TAYLOR UNION SUITE 394,,RANCHO MIRAGE,1387099256,Reversal,2026-07-30 22:42:06.816
76417027,112,FMC MEDICAL PL/CM,2025-01-01,20,40,10,2025-01-01,C52046064,0,Williams,Peter,U,,NY,11736,M,1980-06-14,767090417027,1,DH1,NY,Williams,Carrie,U,CH,F,2014-04-16,2026-04-01,253,175.00,122.50,175.00,2026167446322,6,,,,0,,0.00,0.00,0,0.00,0,0,0,0,0,0,0,0,98311153,1,2026-04-01,0,D,D8080,175.00,0.00,70.00,,11743,359690082,"Lopez,Jason,H,DMD",NY,2026-07-30,2,30,0,2,2026-07-30,6237862,DA096,4,1,P,P,GDM,GCD,6546,2,2026-01-25,COMPREHENSIVE ORTHO,HEATH ORAL SURGERY,OTD,,3421665,,DMD,O,0,,48320,,~0010,6,,,3,M,D8080,O,52.50,0.00,90,,,,,,GE,0,0.00,262110021603,0.00,D55,0.00,I,719,2,U,,0,0,1,,W,2,,122.50,6,1563656374,,88022098,112,5 11780,84.63,D0122000   2,,OS 2026,C52046064,HEATH ORAL SURGERY,932 DELACRUZ MILL,,SMITHTOWN,NY,11743,3,0,2026040125320261674463226,BARR FAMILY DENTISTRY,0898 CAMERON VILLAGES SUITE 629,SUITE 208,SMITHTOWN,1563656374,Adjustment,2026-07-30 22:42:06.816
76417027,112,FMC MEDICAL PL/CM,2025-01-01,20,40,10,2025-01-01,C93492183,0,Hurley,Heather,J,,MI,49493,F,1972-11-14,767090417027,1,DS1,MI,Hurley,Timothy,J,CH,M,2006-12-29,2025-07-24,242,148.00,0.00,148.00,2026161585717,2,,,,0,A,15.66,0.00,0,0.00,0,0,0,0,0,0,0,0,62080237,8,2025-07-24,0,D,D9612,0.00,0.00,35.00,,49448,122877631,"Duffy,Micheal,J,DDS",MI,2026-07-30,1,19,0,2,2026-07-30,1416880610,DA096,4,2,P,P,GDM,GDM,6549,3,2026-02-09,2 OR MORE DRUG INJECTIONS,THOMAS DENTAL,ORS,,792353,,DDS,O,0,,48320,,~0081,6,,,4,M,D0000,B,0.00,0.00,90,,,,,,GE,0,134.10,262110027824,0.00,D01,101.80,I,719,2,U,,0,0,1,,B,2,,309.51,0,1326514578,,12400001,112,2 49426,24.22,A0146000   2,,,C93492183,PRESTON DENTAL,84248 DANIEL MEADOWS,,GRANDVILLE,MI,49448,3,0,2025072424220261615857172,THOMAS DENTAL,4294 HERNANDEZ CAMP SUITE 998,SUITE 106,GRANDVILLE,1652626028,Adjustment,2026-07-30 22:42:06.816
76417027,0005,FMC MEDICAL PL/CM,2025-01-01,20,40,10,2025-01-01,C21772658,0,Wood,Alejandro,Q,,WA,98399,M,1993-04-07,767090417027,1,DH1,WA,Wood,John,Q,CH,M,2017-01-19,2026-06-05,252,-33.00,-33.00,-45.00,2026161359005,1,,,,1,,0.00,0.00,0,0.00,0,0,0,0,0,0,0,0,34015115,2,2026-06-05,0,D,D0272,-33.00,0.00,0.00,,98387,800723837,"Fitzgerald,Kayla,T,DDS",WA,2026-06-11,1,23,14,2,2026-07-30,9220105584,DA096,4,1,P,P,GDM,GCD,6546,3,2026-10-05,TWO BITEWING XRAYS,ELLIOTT DENTAL ASSOCIATES,PDN,,0,,DDS,O,0,,48320,,~0012,6,,,3,M,D0272,D,0.00,-12.00,90,,,,,,GE,0,-61.20,262110020684,0.00,D60,0.00,I,719,2,U,,0,0,1,,W,2,,71.00,0,1965574981,,97380700,104,5 98310,84.63,A0205000   2,,,C21772658,SMITH ORAL SURGERY,3936 ASHLEY BROOKS,,BREMERTON,WA,98387,3,0,2026060525220261613590051,ELLIOTT DENTAL ASSOCIATES,3936 ASHLEY BROOKS,,BREMERTON,1889134311,Reversal,2026-07-30 22:42:06.816
76416933,0001,FMC MEDICAL PL/CM,2025-01-01,20,40,10,2025-01-01,C88041146,0,Andrews,Samantha,,,NY,11752,F,1956-04-12,767002416933,1,S09,NY,Andrews,Samantha,,IN,F,1956-04-12,2026-06-12,253,0.00,0.00,-15.00,2026169563377,1,,,,1,,0.00,0.00,0,0.00,0,0,0,0,0,0,0,0,54989657,6,2026-06-12,0,D,D0230,0.00,0.00,50.00,,11752,887870565,"Shaw,Douglas,J,DDS",NY,2026-07-20,1,23,14,2,2026-07-30,3328186857,CN174,4,2,N,N,GCD,,0,0,2026-01-15,ADDTL PERIAPICAL,SMALL DENTAL GROUP,DEN,,0,,DDS,,0,,48352,,,6,,,4,M,D0000,D,0.00,0.00,90,,,,,,70,0,0.00,262110009030,0.00,D63,-15.00,O,719,3,M,,0,0,1,,W,2,,0.00,0,1790589179,,24900002,24900002,A46208030,,3161132A 000000,COMM 04012025,,C88041146,WIGGINS ORAL SURGERY,0947 BROWN CRESCENT SUITE 094,,MASSAPEQUA,NY,11752,3,0,2026061225320261695633771,SMALL DENTAL GROUP,0947 BROWN CRESCENT SUITE 094,,MASSAPEQUA,1790589179,Reversal,2026-07-30 22:42:06.816
76417027,112,FMC MEDICAL PL/CM,2025-01-01,20,40,10,2025-01-01,C36308234,0,Thompson,Stacy,,,FL,33103,F,1982-04-19,767090417027,1,DH1,FL,Thompson,Joshua,,SP,M,1979-04-30,2026-06-08,247,87.00,0.00,140.00,2026160501252,2,,,,0,A,87.00,87.00,0,0.00,0,0,0,0,0,0,0,0,69456967,3,2026-06-08,0,D,D1110,87.00,0.00,0.00,,33106,617108525,"Wolf,Andrea,S,DDS",FL,2026-07-30,2,19,0,2,2026-07-30,6704584939,DA096,4,1,P,P,GDM,GCD,6546,1,2026-06-25,DENTAL PROPHY ADULTS,SANDERS DENTAL ASSOCIATES,DEN,,7147837,,DDS,O,0,,48320,,~0012,6,,,3,M,D1110,P,0.00,53.00,90,,,,,,GE,0,150.30,262110051663,0.00,D60,0.00,I,719,2,U,,0,0,1,,W,2,,35.00,0,1571096958,,97381600,112,3 33196,69.79,D0190000   2,,,C36308234,SANDERS DENTAL ASSOCIATES,34298 FULLER HARBOR,,MIAMI,FL,33106,3,0,2026060824720261605012522,,,,,1571096958,Adjustment,2026-07-30 22:42:06.816
76417027,111,FMC MEDICAL PL/CM,2025-01-01,20,40,10,2025-01-01,C77236526,0,Rodriguez,Jeremy,Q,,CA,91332,M,1995-03-08,767090417027,1,DS1,CA,Rodriguez,Jeremy,Q,IN,M,1995-03-08,2025-10-08,214,103.00,51.50,390.00,2026162607426,3,,,,1,A,0.00,0.00,0,0.00,0,0,0,0,0,0,0,0,51451051,2,2025-10-08,0,D,D7140,103.00,0.00,50.00,,90083,527481597,"Burns,Donna,D,DDS",CA,2026-07-30,3,10,0,2,2026-07-30,9241493221,DA096,4,2,N,N,GDM,,0,0,2026-10-16,EXTRACTION,MCCANN ORAL SURGERY,ORS,,10842490,,DDS,,0,,48320,,,6,,,1,M,D7140,B,51.50,0.00,16,,,,,,GE,0,0.00,262110056584,0.00,D57,287.00,O,719,1,U,,0,0,1,,,2,,51.50,0,1746665678,,14019999,111,5 91355,16.00,A0210000   2,,,C77236526,SINGH FAMILY DENTISTRY,4066 JONES COVES APT. 015,,LOS ANGELES,CA,90083,3,0,2025100821420261626074263,DANIELS ORAL SURGERY,4066 JONES COVES APT. 015,,LOS ANGELES,1316352548,Original,2026-07-30 22:42:06.816
76417027,0005,FMC MEDICAL PL/CM,2025-01-01,20,40,10,2025-01-01,C30317852,0,Warner,Paul,J,,VA,23859,M,1991-04-05,767090417027,1,DH1,VA,Warner,Katrina,Y,SP,F,1990-10-20,2026-02-17,252,-50.00,-21.00,-64.00,2026161430759,1,,,,1,A,-29.00,29.00,0,0.00,0,0,0,0,0,0,0,0,43691187,1,2026-02-17,0,D,D0120,-50.00,0.00,0.00,,23859,472221418,"Sutton,Billy,J,DDS",VA,2026-06-23,1,23,14,2,2026-07-30,4101448269,DA096,4,1,P,P,GDM,GCD,0,1,2026-09-26,PERIODIC ORAL EVAL,BRIDGES DENTAL GROUP,DEN,,0,,DDS,O,0,,48320,,~0115,6,,,3,M,D0120,D,0.00,-14.00,90,,,,,,GE,0,-63.90,262110031845,0.00,D60,0.00,I,719,2,U,,0,0,1,,W,2,,21.00,0,1501252914,,97380500,112,2 23831,63.95,D0130000   2,,,C30317852,BRIDGES DENTAL GROUP,67168 DENNIS VISTA SUITE 335,,CHESTER,VA,23859,3,0,2026021725220261614307591,BURNETT DENTAL ASSOCIATES,67168 DENNIS VISTA SUITE 335,,CHESTER,1595679843,Reversal,2026-07-30 22:42:06.816
76417027,0005,FMC MEDICAL PL/CM,2025-01-01,20,40,10,2025-01-01,C46458474,0,Wood,Tracey,U,,NC,27974,F,1976-09-27,767090417027,1,DH3,NC,Wood,Tracey,U,IN,F,1976-09-27,2026-06-16,239,78.00,39.00,148.00,2026169452001,3,,,,1,,0.00,0.00,0,0.00,0,0,0,0,0,0,0,0,12115264,8,2026-06-16,0,D,D9612,78.00,0.00,50.00,,23380,534807416,"Richardson,Trevor,A,DDS",VA,2026-07-30,1,10,0,2,2026-07-30,9126044035,DA096,4,1,P,P,GDM,GCD,6546,0,2026-10-22,2 OR MORE DRUG INJECTIONS,FLOYD DENTAL ASSOCIATES,ORS,,1835260,,DDS,O,0,,48320,,~0124,6,,,1,M,D9612,B,39.00,70.00,90,,,,,,GE,0,189.00,262110033879,0.00,D60,0.00,I,719,1,U,,0,0,1,,W,2,,39.00,0,1142569226,,51500015,,2 27909,46.19,D0265000   A,,,C46458474,MARTINEZ DENTAL ASSOCIATES,9967 KEITH PORTS APT. 468,,CHESAPEAKE,VA,23380,3,0,2026061623920261694520013,MARTIN ORAL SURGERY,47150 KRISTY FORGE SUITE 773,SUITE 201,CHESAPEAKE,1087899156,Adjustment,2026-07-30 22:42:06.816
76417027,106,FMC MEDICAL PL/CM,2025-01-01,20,40,10,2025-01-01,C09294767,0,Bentley,Megan,M,,VA,22256,F,1966-09-14,767090417027,1,DH1,VA,Bentley,Megan,M,IN,F,1966-09-14,2026-05-18,246,0.00,0.00,180.00,2026166188090,2,,,,0,A,0.00,0.00,0,0.00,0,0,0,0,0,0,0,0,67524879,6,2026-05-18,0,D,D9246,0.00,0.00,0.00,,22062,148129093,"Cox,April,A,DDS",VA,2026-07-30,1,19,0,2,2026-07-30,4585042202,DA096,4,1,P,P,GDM,GCD,6546,0,2026-02-19,ANESTHESIA,CLARKE DENTAL GROUP,PRD,,7290353,,DDS,O,0,,48320,,~0012,6,,,4,M,D0000,P,0.00,0.00,90,,,,,,GE,0,0.00,262110050556,0.00,D01,180.00,I,719,1,U,,0,0,1,,W,2,,422.40,0,1397900745,,12400001,106,4 22207,52.08,D0027000   2,,,C09294767,FREEMAN DENTAL,05887 SHAWN PORT,,FALLS CHURCH,VA,22062,3,0,2026051824620261661880902,CLARKE DENTAL GROUP,558 HAMPTON FALLS SUITE 615,SUITE 103,FALLS CHURCH,1397900745,Adjustment,2026-07-30 22:42:06.816
76417027,111,FMC MEDICAL PL/CM,2025-01-01,20,40,10,2025-01-01,C77236526,0,Hurley,Jeremy,Q,,CA,91332,M,1995-03-08,767090417027,1,DS1,CA,Hurley,Jeremy,Q,IN,M,1995-03-08,2025-10-08,204,0.00,0.00,230.00,2026162607426,4,,,,1,A,0.00,0.00,0,0.00,0,0,0,0,0,0,0,0,51451051,1,2025-10-08,0,D,D9222,0.00,0.00,30.00,,90083,527481597,"Burns,Donna,D,DDS",CA,2026-07-30,4,10,0,2,2026-07-30,9241493221,DA096,4,2,N,N,GDM,,0,0,2026-01-11,GENERAL ANESTHESIA,MCCANN ORAL SURGERY,ORS,,10842490,,DDS,,0,,48320,,,6,,,1,M,D0000,B,0.00,0.00,90,,,,,,GE,0,0.00,262110056585,0.00,DGH,230.00,O,719,1,U,,0,0,1,,A,2,,339.00,0,1746665678,,14019999,111,5 91355,16.00,A0210000   2,,,C77236526,SINGH FAMILY DENTISTRY,4066 JONES COVES APT. 015,,LOS ANGELES,CA,90083,3,0,2025100820420261626074264,DANIELS ORAL SURGERY,4066 JONES COVES APT. 015,,LOS ANGELES,1316352548,Adjustment,2026-07-30 22:42:06.816
76417027,0005,FMC MEDICAL PL/CM,2025-01-01,20,40,10,2025-01-01,C21336493,0,Fernandez,Christopher,U,,WA,98224,M,1977-07-09,767090417027,1,DH3,WA,Fernandez,Mary,,CH,F,2006-01-30,2026-03-17,250,0.00,0.00,6280.00,2026169563346,4,,,,1,,0.00,0.00,0,0.00,0,0,0,0,0,0,0,0,74280817,1,2026-03-17,0,D,D8090,0.00,0.00,80.00,,98219,446914831,"Small,Jonathan,DMD",WA,2026-07-30,1,71,0,2,2026-07-30,0408506711,DA096,4,1,N,N,GDM,,0,2,2026-04-26,ORTHO TREATMENT,WATSON DENTAL ASSOCIATES,OTD,,4393287,,DMD,,0,,48320,,,6,,,3,M,D0000,B,0.00,0.00,90,,,,,,GE,0,0.00,262110025344,0.00,D24,6280.00,O,719,2,U,,0,0,1,,W,2,,0.00,6,1818345279,,51500015,,5 98277,183.37,D0265000   A,,,C21336493,WATSON DENTAL ASSOCIATES,499 SHAW GLENS,,MOUNT VERNON,WA,98219,3,0,2026031725020261695633464,CAIN DENTAL ASSOCIATES,499 SHAW GLENS,,MOUNT VERNON,1818345279,Adjustment,2026-07-30 22:42:06.816
76416933,0001,FMC MEDICAL PL/CM,2025-01-01,20,40,10,2025-01-01,C88041146,0,Ochoa,Samantha,,,NY,11752,F,1956-04-12,767002416933,1,S09,NY,Ochoa,Samantha,,IN,F,1956-04-12,2026-06-12,246,167.37,57.50,115.00,2026169563377,2,,,,1,,0.00,0.00,0,0.00,0,0,0,0,0,0,0,0,54989657,7,2026-06-12,0,D,D1110,115.00,0.00,50.00,,11752,887870565,"Shaw,Douglas,J,DDS",NY,2026-07-30,1,10,0,2,2026-07-30,3328186857,CN174,4,2,N,N,GCD,,0,0,2026-04-09,DENTAL PROPHY ADULTS,SMALL DENTAL GROUP,DEN,,8234163,,DDS,,0,,48352,,,6,,,4,M,D1110,P,57.50,0.00,90,,,,,,70,0,0.00,262110009024,0.00,D00,0.00,O,719,3,M,,0,0,1,,W,2,,135.50,0,1790589179,,24900002,24900002,A46208030,,3161132A 000000,COMM 04012025,,C88041146,WIGGINS ORAL SURGERY,0947 BROWN CRESCENT SUITE 094,,MASSAPEQUA,NY,11752,3,0,2026061224620261695633772,SMALL DENTAL GROUP,0947 BROWN CRESCENT SUITE 094,,MASSAPEQUA,1790589179,Adjustment,2026-07-30 22:42:06.816
76417027,0005,FMC MEDICAL PL/CM,2025-01-01,20,40,10,2025-01-01,C27134426,0,Hartman,Austin,,,VA,22062,M,1937-09-16,767090417027,1,DS3,VA,Hartman,Austin,,IN,M,1937-09-16,2026-06-16,240,27.00,27.00,42.00,2026169431565,2,,,,1,,0.00,0.00,0,0.00,0,0,0,0,0,0,0,0,62092320,2,2026-06-16,0,D,D0220,27.00,0.00,0.00,,22062,571198498,"Williams,Nathan,J,DMD",VA,2026-07-30,1,10,0,2,2026-07-30,6731395248,DA096,4,2,P,P,GDM,GCD,6546,0,2026-10-06,1ST PERIAPICAL XRAY,HUGHES FAMILY DENTISTRY,DEN,,2987986,,DMD,O,0,,48320,,~0117,6,,,4,M,D0220,D,0.00,15.00,90,,,,,,GE,0,43.20,262110029188,0.00,D60,0.00,I,719,1,U,,0,0,1,,W,2,,125.80,0,1406515598,,ABNAVYAN,,4 22046,64.13,AD0265000  A,,,C27134426,HUGHES FAMILY DENTISTRY,27054 JAMIE LOOP SUITE 250,200 LITTLE FALLS ST,FALLS CHURCH,VA,22062,3,0,2026061624020261694315652,,,,,1406515598,Adjustment,2026-07-30 22:42:06.816
76417027,0005,FMC MEDICAL PL/CM,2025-01-01,20,40,10,2025-01-01,C59422384,0,Moore,Jordan,,,FL,32871,F,1946-02-07,767090417027,1,DS3,FL,Moore,Jordan,,IN,F,1946-02-07,2026-06-16,234,0.00,0.00,951.00,2026169486359,3,,,,1,,0.00,0.00,0,0.00,0,0,0,0,0,0,0,0,71857215,6,2026-06-16,0,D,D7953,0.00,0.00,0.00,,32871,164346277,"Gutierrez,Julie,C,DMD",FL,2026-07-30,1,10,0,2,2026-07-30,8174798896,DA096,4,2,P,P,GDM,GCD,6546,0,2026-11-03,BONE REPLACEMENT GRAFT,JONES FAMILY DENTISTRY,DEN,,4682697,,DMD,O,0,,48320,,~0117,6,,,1,M,D0000,P,0.00,0.00,04,,,,,,GE,0,989.10,262110026507,0.00,D01,444.00,I,719,1,U,,0,0,1,,B,2,,15.05,0,1928654829,,ABNAVYAN,,2 32812,26.24,AD0265000  J,,,C59422384,PAUL DENTAL,2733 JACOB MILL,,ATLANTA,GA,31126,3,0,2026061623420261694863593,SAWYER DENTAL ASSOCIATES,2470 MELINDA CORNER,,ORLANDO,1017253803,Adjustment,2026-07-30 22:42:06.816
76417027,33A,FMC MEDICAL PL/CM,2025-01-01,20,40,10,2025-01-01,C94268822,0,Taylor,Tracey,,,MI,49033,F,1970-09-19,767090417027,1,DH1,MI,Taylor,Tracey,,IN,F,1970-09-19,2026-06-01,240,0.00,0.00,218.00,2026160423801,2,,,,1,A,0.00,0.00,0,0.00,0,0,0,0,0,0,0,0,29019027,1,2026-06-01,0,D,D2331,0.00,0.00,80.00,,49021,130925275,"Smith,Lisa,L,JR,DDS",MI,2026-07-30,1,71,0,2,2026-07-30,5510249434,DA096,4,1,P,P,GDM,GCD,6546,0,2026-06-28,COMPOSITE 2 SURFACES,OLSON DENTAL,DEN,,8545806,,DDS,O,0,,48320,,~0073,6,,,1,M,D0000,B,0.00,0.00,07,M,L,,,,GE,0,233.10,262110025456,0.00,DGI,147.00,I,719,1,U,,0,0,1,,W,2,,0.00,0,1215307678,,18000009,33A,2 49080,21.32,D0145000   2,,,C94268822,LAWSON DENTAL,072 BOWEN GROVE SUITE 545,,KALAMAZOO,MI,49021,3,0,2026060124020261604238012,RUBIO DENTAL ASSOCIATES,072 BOWEN GROVE SUITE 545,,KALAMAZOO,1204329054,Adjustment,2026-07-30 22:42:06.816
76417027,113,FMC MEDICAL PL/CM,2025-01-01,20,40,10,2025-01-01,C04195515,0,Donaldson,Daniel,M,,OH,45689,M,1979-04-04,767090417027,1,DS1,OH,Donaldson,Daniel,M,IN,M,1979-04-04,2026-04-15,250,0.00,0.00,413.00,2026161639628,2,,,,1,A,0.00,0.00,0,0.00,0,0,0,0,0,0,0,0,40558963,1,2026-04-15,0,D,D7210,0.00,0.00,55.00,,45651,331744934,"Harrell,Shelly,DDS",OH,2026-07-30,1,71,0,2,2026-07-30,8023880368,DA096,4,2,P,P,GDM,GCR,6548,0,2026-04-03,EXTRACTION-SURGICAL,REYES DENTAL ASSOCIATES,DEN,,8419852,,DDS,O,0,,48320,,~0069,6,,,4,M,D0000,B,0.00,0.00,19,,,,,,GE,0,318.60,262110018525,0.00,DGI,276.00,I,719,1,U,,0,0,1,,W,2,,0.00,0,1746696268,,97381600,113,1 45672,21.61,D0190000   2,,,C04195515,REYES DENTAL ASSOCIATES,56506 ADAM LOCKS APT. 216,7600 OLENTANGY RIVER RD,COLUMBUS,OH,43279,3,0,2026041525020261616396282,REYES DENTAL ASSOCIATES,05272 ROBIN STREAM,,CHILLICOTHE,1127072335,Adjustment,2026-07-30 22:42:06.816
76417027,113,FMC MEDICAL PL/CM,2025-01-01,20,40,10,2025-01-01,C89695076,0,Guzman,Joshua,Y,,CA,92207,M,1959-04-04,767090417027,1,DH1,CA,Guzman,Joshua,Y,IN,M,1959-04-04,2025-10-08,239,-87.00,-69.60,-455.00,2026161370768,3,,,,1,A,0.00,0.00,0,0.00,0,0,0,0,0,0,0,0,13838515,3,2025-10-08,0,D,D7140,-87.00,0.00,80.00,,92207,793412220,"Andrews,Jeremiah,M,DDS",CA,2026-07-02,1,23,14,2,2026-07-30,6426628044,DA096,4,1,N,N,GDM,,0,0,2026-04-14,EXTRACTION,DAVIS FAMILY DENTISTRY,DEN,,0,,DDS,,0,,48320,,,6,,,4,M,D7140,B,17.40,0.00,23,,,,,,GE,0,0.00,262110019831,0.00,D57,-368.00,O,719,1,U,,0,0,1,,W,2,,208.80,0,1387099256,,24900002,113,5 92270,122.33,D0158000   3,,,C89695076,DAVIS FAMILY DENTISTRY,4720 SMITH CAMP APT. 514,,RANCHO MIRAGE,CA,92207,3,0,2025100823920261613707683,VELASQUEZ FAMILY DENTISTRY,7649 TAYLOR UNION SUITE 394,,RANCHO MIRAGE,1387099256,Reversal,2026-07-30 22:42:06.816
76417027,0005,FMC MEDICAL PL/CM,2025-01-01,20,40,10,2025-01-01,C46458474,0,Butler,Tracey,U,,NC,27974,F,1976-09-27,767090417027,1,DH3,NC,Butler,Tracey,U,IN,F,1976-09-27,2026-06-16,230,0.00,0.00,313.00,2026169452001,4,,,,1,,0.00,0.00,0,0.00,0,0,0,0,0,0,0,0,12115264,3,2026-06-16,0,D,D9223,0.00,0.00,50.00,,23380,534807416,"Richardson,Trevor,A,DDS",VA,2026-07-30,2,71,0,2,2026-07-30,9126044035,DA096,4,1,P,P,GDM,GCD,6546,0,2026-01-18,GENERAL ANESTHESIA,FLOYD DENTAL ASSOCIATES,ORS,,1835260,,DDS,O,0,,48320,,~0124,6,,,1,M,D0000,B,0.00,0.00,90,,,,,,GE,0,296.10,262110033882,0.00,DGI,202.00,I,719,1,U,,0,0,1,,B,2,,0.00,0,1142569226,,51500015,,2 27909,46.19,D0265000   A,,,C46458474,MARTINEZ DENTAL ASSOCIATES,9967 KEITH PORTS APT. 468,,CHESAPEAKE,VA,23380,3,0,2026061623020261694520014,MARTIN ORAL SURGERY,47150 KRISTY FORGE SUITE 773,SUITE 201,CHESAPEAKE,1087899156,Adjustment,2026-07-30 22:42:06.816
76417027,0005,FMC MEDICAL PL/CM,2025-01-01,20,40,10,2025-01-01,C09294767,0,Reeves,Megan,M,,VA,22256,F,1966-09-14,767090417027,1,DH1,VA,Reeves,Megan,M,IN,F,1966-09-14,2026-05-18,252,-33.00,-16.50,-33.00,2026166188090,1,,,,1,A,0.00,0.00,0,0.00,0,0,0,0,0,0,0,0,67524879,5,2026-05-18,0,D,D9230,-33.00,0.00,50.00,,22062,148129093,"Cox,April,A,DDS",VA,2026-06-29,1,23,14,2,2026-07-30,4585042202,DA096,4,1,P,P,GDM,GCD,0,0,2026-07-19,ANALGESIA/NITROUS,CLARKE DENTAL GROUP,PRD,,0,,DDS,O,0,,48320,,~0012,6,,,4,M,D9230,B,16.50,-97.50,90,,,,,,GE,0,-130.50,262110050561,0.00,D00,0.00,I,719,1,U,,0,0,1,,B,2,,438.90,0,1397900745,,12400001,106,4 22207,52.08,D0027000   2,,,C09294767,FREEMAN DENTAL,05887 SHAWN PORT,,FALLS CHURCH,VA,22062,3,0,2026051825220261661880901,CLARKE DENTAL GROUP,558 HAMPTON FALLS SUITE 615,SUITE 103,FALLS CHURCH,1397900745,Reversal,2026-07-30 22:42:06.816
76417027,0005,FMC MEDICAL PL/CM,2025-01-01,20,40,10,2025-01-01,C59422384,0,Hall,Jordan,,,FL,32871,F,1946-02-07,767090417027,1,DS3,FL,Hall,Jordan,,IN,F,1946-02-07,2026-06-16,228,0.00,0.00,951.00,2026169486359,4,,,,1,,0.00,0.00,0,0.00,0,0,0,0,0,0,0,0,71857215,7,2026-06-16,0,D,D7953,0.00,0.00,0.00,,32871,164346277,"Gutierrez,Julie,C,DMD",FL,2026-07-30,2,71,0,2,2026-07-30,8174798896,DA096,4,2,P,P,GDM,GCD,6546,0,2026-10-23,BONE REPLACEMENT GRAFT,JONES FAMILY DENTISTRY,DEN,,4682697,,DMD,O,0,,48320,,~0117,6,,,1,M,D0000,P,0.00,0.00,06,,,,,,GE,0,989.10,262110026516,0.00,D01,444.00,I,719,1,U,,0,0,1,,B,2,,0.00,0,1928654829,,ABNAVYAN,,2 32812,26.24,AD0265000  J,,,C59422384,PAUL DENTAL,2733 JACOB MILL,,ATLANTA,GA,31126,3,0,2026061622820261694863594,SAWYER DENTAL ASSOCIATES,2470 MELINDA CORNER,,ORLANDO,1017253803,Adjustment,2026-07-30 22:42:06.816
76417027,0005,FMC MEDICAL PL/CM,2025-01-01,20,40,10,2025-01-01,C15143590,0,Singleton,Adam,U,,OH,45215,M,1956-03-23,767090417027,1,DS1,OH,Singleton,Adam,U,IN,M,1956-03-23,2026-04-08,251,-17.00,-12.75,-48.00,2026163433299,1,,,,1,A,0.00,0.00,0,0.00,0,0,0,0,0,0,0,0,83269350,2,2026-04-08,0,D,D0270,-17.00,0.00,75.00,,45296,267996945,"Fleming,Breanna,DMD",OH,2026-06-25,1,23,14,2,2026-07-30,2833235,DA096,4,2,N,N,GDM,,0,0,2026-07-15,SINGLE BITEWING XRAY,PEARSON DENTAL GROUP,DEN,,0,,DMD,,0,,48320,,,6,,,1,M,D0270,D,4.25,0.00,90,,,,,,GE,0,0.00,262110025202,0.00,D37,-31.00,O,719,1,U,,0,0,1,,,2,,59.25,0,1775886195,,12400001,111,2 45223,12.11,A0231000   2,,,C15143590,ROBERTS DENTAL GROUP,165 CHEN ROADS,,CINCINNATI,OH,45296,3,0,2026040825120261634332991,REID DENTAL ASSOCIATES,1021 BLAIR MANOR,SUITE 1,CINCINNATI,1775886195,Reversal,2026-07-30 22:42:06.816
76417027,111,FMC MEDICAL PL/CM,2025-01-01,20,40,10,2025-01-01,C05592330,0,Dodson,James,,,VA,20124,M,1955-08-16,767090417027,1,DH1,VA,Dodson,James,,IN,M,1955-08-16,2026-05-15,241,24.00,24.00,34.61,2026162313345,2,,,,0,A,0.00,0.00,0,0.00,0,0,0,0,0,0,0,0,61672643,4,2026-05-15,0,D,D0220,24.00,0.00,0.00,,22037,470339380,"Sullivan,Taylor,T,DDS",VA,2026-07-30,2,19,0,2,2026-07-30,7780310176,DA096,4,1,P,P,GDM,GCD,6546,0,2026-02-25,1ST PERIAPICAL XRAY,NGUYEN FAMILY DENTISTRY,DEN,,1846449,,DDS,O,0,,48320,,~0072,6,,,1,M,D0220,D,0.00,10.61,22,,,,,,GE,0,43.20,262110028629,0.00,D60,0.00,I,719,1,U,,0,0,1,,W,2,,98.00,0,1201607811,,24900002,111,4 20166,56.44,D0158000   3,,OS 2025,C05592330,NGUYEN FAMILY DENTISTRY,701 JACOB ROAD APT. 985,,FAIRFAX,VA,22037,3,0,2026051524120261623133452,WILLIAMS DENTAL,276 MARK WAYS,,FAIRFAX,1201607811,Adjustment,2026-07-30 22:42:06.816
76416933,0001,FMC MEDICAL PL/CM,2025-01-01,20,40,10,2025-01-01,C88041146,0,Carpenter,Samantha,,,NY,11752,F,1956-04-12,767002416933,1,S09,NY,Carpenter,Samantha,,IN,F,1956-04-12,2026-06-12,249,0.00,0.00,-16.00,2026169563377,1,,,,1,,0.00,0.00,0,0.00,0,0,0,0,0,0,0,0,54989657,2,2026-06-12,0,D,D0220,0.00,0.00,50.00,,11752,887870565,"Shaw,Douglas,J,DDS",NY,2026-07-20,1,23,14,2,2026-07-30,3328186857,CN174,4,2,N,N,GCD,,0,0,2026-04-09,1ST PERIAPICAL XRAY,SMALL DENTAL GROUP,DEN,,0,,DDS,,0,,48352,,,6,,,4,M,D0000,D,0.00,0.00,90,,,,,,70,0,0.00,262110009026,0.00,D63,-16.00,O,719,3,M,,0,0,1,,W,2,,0.00,0,1790589179,,24900002,24900002,A46208030,,3161132A 000000,COMM 04012025,,C88041146,WIGGINS ORAL SURGERY,0947 BROWN CRESCENT SUITE 094,,MASSAPEQUA,NY,11752,3,0,2026061224920261695633771,SMALL DENTAL GROUP,0947 BROWN CRESCENT SUITE 094,,MASSAPEQUA,1790589179,Reversal,2026-07-30 22:42:06.816
76417027,33C,FMC MEDICAL PL/CM,2025-01-01,20,40,10,2025-01-01,C48784049,0,Morales,Benjamin,U,,IN,47077,M,1957-11-21,767090417027,1,DH1,IN,Morales,Debra,J,SP,F,1957-07-26,2026-06-10,222,0.00,0.00,284.00,2026169455124,5,,,,1,A,0.00,0.00,0,0.00,0,0,0,0,0,0,0,0,68049363,1,2026-06-10,0,D,D7210,0.00,0.00,80.00,,46122,147899831,"Erickson,Joseph,M,DDS",IN,2026-07-30,2,71,0,2,2026-07-30,8822142824,DA096,4,1,N,N,GDM,,0,1,2026-09-30,EXTRACTION-SURGICAL,MILLER DENTAL ASSOCIATES,DEN,,4526708,,DDS,,0,,48320,,,6,,,4,M,D0000,B,0.00,0.00,06,,,,,,GE,0,0.00,262110052413,0.00,DGI,284.00,O,719,2,U,,0,0,1,,W,2,,0.00,0,1428779048,,24900002,33C,2 47030,92.34,D0158000   3,,,C48784049,MILLER DENTAL ASSOCIATES,978 YOUNG CENTER SUITE 133,2450 E STATE ROAD 44,SHELBYVILLE,IN,46122,3,0,2026061022220261694551245,MILLER DENTAL ASSOCIATES,002 CHRISTIAN PLAZA APT. 349,STE F.,SHELBYVILLE,1428779048,Adjustment,2026-07-30 22:42:06.816
76417027,113,FMC MEDICAL PL/CM,2025-01-01,20,40,10,2025-01-01,C89695076,0,Wyatt,Joshua,Y,,CA,92207,M,1959-04-04,767090417027,1,DH1,CA,Wyatt,Joshua,Y,IN,M,1959-04-04,2025-10-08,243,0.00,0.00,-455.00,2026161370768,3,,,,1,,0.00,0.00,0,0.00,0,0,0,0,0,0,0,0,13838515,7,2025-10-08,0,D,D7210,0.00,0.00,0.00,,92207,793412220,"Andrews,Jeremiah,M,DDS",CA,2026-07-02,1,23,14,2,2026-07-30,6426628044,DA096,4,1,N,N,GDM,,0,0,2026-11-20,EXTRACTION-SURGICAL,DAVIS FAMILY DENTISTRY,DEN,,0,,DDS,,0,,48320,,,6,,,4,M,D0000,B,0.00,0.00,25,,,,,,GE,0,0.00,262110019835,0.00,D71,-455.00,O,719,1,U,,0,0,1,,,2,,208.80,0,1387099256,,24900002,113,5 92270,122.33,D0158000   3,,,C89695076,DAVIS FAMILY DENTISTRY,4720 SMITH CAMP APT. 514,,RANCHO MIRAGE,CA,92207,3,0,2025100824320261613707683,VELASQUEZ FAMILY DENTISTRY,7649 TAYLOR UNION SUITE 394,,RANCHO MIRAGE,1387099256,Reversal,2026-07-30 22:42:06.816
76416933,0001,FMC MEDICAL PL/CM,2025-01-01,20,40,10,2025-01-01,C88041146,0,Adams,Samantha,,,NY,11752,F,1956-04-12,767002416933,1,S09,NY,Adams,Samantha,,IN,F,1956-04-12,2026-06-12,252,0.00,0.00,-15.00,2026169563377,1,,,,1,,0.00,0.00,0,0.00,0,0,0,0,0,0,0,0,54989657,5,2026-06-12,0,D,D0230,0.00,0.00,50.00,,11752,887870565,"Shaw,Douglas,J,DDS",NY,2026-07-20,1,23,14,2,2026-07-30,3328186857,CN174,4,2,N,N,GCD,,0,0,2026-10-14,ADDTL PERIAPICAL,SMALL DENTAL GROUP,DEN,,0,,DDS,,0,,48352,,,6,,,4,M,D0000,D,0.00,0.00,90,,,,,,70,0,0.00,262110009029,0.00,D63,-15.00,O,719,3,M,,0,0,1,,W,2,,0.00,0,1790589179,,24900002,24900002,A46208030,,3161132A 000000,COMM 04012025,,C88041146,WIGGINS ORAL SURGERY,0947 BROWN CRESCENT SUITE 094,,MASSAPEQUA,NY,11752,3,0,2026061225220261695633771,SMALL DENTAL GROUP,0947 BROWN CRESCENT SUITE 094,,MASSAPEQUA,1790589179,Reversal,2026-07-30 22:42:06.816
76417027,SMA,FMC MEDICAL PL/CM,2025-01-01,20,40,10,2025-01-01,C32346088,0,Singh,Miguel,Q,,IL,62230,M,1945-09-20,767090417027,1,DH1,IL,Singh,Jacqueline,U,SP,F,1946-08-18,2026-04-23,250,0.00,0.00,304.00,2026161639245,2,,,,1,A,84.80,0.00,0,0.00,0,0,0,0,0,0,0,0,15186785,3,2026-04-23,0,D,D2332,0.00,0.00,80.00,,62230,26343274,"Anderson,James,E,DMD",IL,2026-07-30,1,10,0,2,2026-07-30,7956351002,DA096,4,1,N,N,GDM,,0,1,2026-05-21,COMPOSITE 3 SURFACES,MILLER DENTAL ASSOCIATES,DEN,,1935291,,DMD,,0,,48320,,,6,,,4,M,D0000,B,0.00,0.00,27,M,L,F,,,GE,0,0.00,262110043993,0.00,DGI,304.00,O,719,2,U,,0,0,1,,W,2,,53.00,0,1645778357,,24900002,316,2 62249,92.34,D0158000   3,,,C32346088,THOMPSON DENTAL GROUP,2864 STEPHANIE LODGE,,HIGHLAND,IL,62230,3,0,2026042325020261616392452,MILLER DENTAL ASSOCIATES,887 JULIE OVAL SUITE 017,,HIGHLAND,1242136242,Adjustment,2026-07-30 22:42:06.816
76417027,0005,FMC MEDICAL PL/CM,2025-01-01,20,40,10,2025-01-01,C27134426,0,Smith,Austin,,,VA,22062,M,1937-09-16,767090417027,1,DS3,VA,Smith,Austin,,IN,M,1937-09-16,2026-06-16,239,0.00,0.00,119.00,2026169431565,2,,,,1,,0.00,0.00,0,0.00,0,0,0,0,0,0,0,0,62092320,1,2026-06-16,0,D,D0140,0.00,0.00,0.00,,22062,571198498,"Williams,Nathan,J,DMD",VA,2026-07-30,1,10,0,2,2026-07-30,6731395248,DA096,4,2,P,P,GDM,GCD,6546,0,2026-08-06,LIMITED ORAL EVAL,HUGHES FAMILY DENTISTRY,DEN,,2987986,,DMD,O,0,,48320,,~0117,6,,,4,M,D0000,D,0.00,0.00,90,,,,,,GE,0,143.10,262110029187,0.00,D07,75.00,I,719,1,U,,0,0,1,,W,2,,125.80,0,1406515598,,ABNAVYAN,,4 22046,64.13,AD0265000  A,,,C27134426,HUGHES FAMILY DENTISTRY,27054 JAMIE LOOP SUITE 250,200 LITTLE FALLS ST,FALLS CHURCH,VA,22062,3,0,2026061623920261694315652,,,,,1406515598,Adjustment,2026-07-30 22:42:06.816
76417027,112,FMC MEDICAL PL/CM,2025-01-01,20,40,10,2025-01-01,C05439552,0,Stewart,Robert,Q,,IL,60116,M,1953-02-17,767090417027,1,DH1,IL,Stewart,Robert,Q,IN,M,1953-02-17,2026-06-15,238,135.00,0.00,135.00,2026168335381,3,,,,1,A,0.00,0.00,0,0.00,0,0,0,0,0,0,0,0,85252705,5,2026-06-15,0,D,D9612,0.00,0.00,50.00,,60170,180535842,"Mitchell,Tony,O,DDS",IL,2026-07-30,1,10,0,2,2026-07-30,2007046724,DA096,4,1,P,P,GDM,GCD,6546,0,2026-12-17,2 OR MORE DRUG INJECTIONS,CAMPBELL ORAL SURGERY,ORS,,3850407,,DDS,O,0,,48320,,~0009,6,,,4,M,D0000,B,0.00,0.00,90,,,,,,GE,0,189.00,262110049620,0.00,D01,16.00,I,719,1,U,,0,0,1,,W,2,,69.60,0,1280616709,,24900002,112,3 60110,100.82,D0158000   3,,,C05439552,CAMPBELL ORAL SURGERY,08589 DIXON MOUNTAINS SUITE 335,,SCHAUMBURG,IL,60170,3,0,2026061523820261683353813,CAMPBELL ORAL SURGERY,08589 DIXON MOUNTAINS SUITE 335,,SCHAUMBURG,1280616709,Adjustment,2026-07-30 22:42:06.816
76417027,0005,FMC MEDICAL PL/CM,2025-01-01,20,40,10,2025-01-01,C86300222,0,Thompson,Ryan,Y,,MO,64079,M,1972-11-14,767090417027,1,DH1,MO,Thompson,Kelly,J,SP,F,1959-02-13,2026-05-29,254,0.00,0.00,-6169.00,2026167381984,2,,,,1,A,0.00,0.00,0,0.00,0,0,0,0,0,0,0,0,92816262,1,2026-05-29,0,D,D8090,0.00,0.00,80.00,,64020,704029925,"Marquez,Jessica,DMD",MO,2026-06-24,1,23,14,2,2026-07-30,2392899,DA096,4,1,P,P,GDM,GCD,0,1,2026-12-08,ORTHO TREATMENT,DAVIDSON ORAL SURGERY,DEN,,0,,DMD,O,0,,48320,,~0050,6,,,4,M,D0000,B,0.00,0.00,90,,,,,,GE,0,0.00,262110041251,0.00,D24,-4200.00,I,719,2,U,,0,0,1,,W,2,,0.00,0,1932741220,,12400001,113,2 64081,42.62,A0101000   2,,OS 2026,C86300222,DIAZ ORAL SURGERY,5726 BONILLA BURGS SUITE 770,,LEES SUMMIT,MO,64020,3,0,2026052925420261673819842,STONE ORAL SURGERY,919 ERIC WALKS SUITE 480,,LEES SUMMIT,1831709270,Reversal,2026-07-30 22:42:06.816
76416933,0001,FMC MEDICAL PL/CM,2025-01-01,20,40,10,2025-01-01,C88041146,0,Davis,Samantha,,,NY,11752,F,1956-04-12,767002416933,1,S09,NY,Davis,Samantha,,IN,F,1956-04-12,2026-06-12,250,0.00,0.00,-15.00,2026169563377,1,,,,1,,0.00,0.00,0,0.00,0,0,0,0,0,0,0,0,54989657,3,2026-06-12,0,D,D0230,0.00,0.00,50.00,,11752,887870565,"Shaw,Douglas,J,DDS",NY,2026-07-20,1,23,14,2,2026-07-30,3328186857,CN174,4,2,N,N,GCD,,0,0,2026-09-14,ADDTL PERIAPICAL,SMALL DENTAL GROUP,DEN,,0,,DDS,,0,,48352,,,6,,,4,M,D0000,D,0.00,0.00,90,,,,,,70,0,0.00,262110009027,0.00,D63,-15.00,O,719,3,M,,0,0,1,,W,2,,0.00,0,1790589179,,24900002,24900002,A46208030,,3161132A 000000,COMM 04012025,,C88041146,WIGGINS ORAL SURGERY,0947 BROWN CRESCENT SUITE 094,,MASSAPEQUA,NY,11752,3,0,2026061225020261695633771,SMALL DENTAL GROUP,0947 BROWN CRESCENT SUITE 094,,MASSAPEQUA,1790589179,Reversal,2026-07-30 22:42:06.816
76417027,0005,FMC MEDICAL PL/CM,2025-01-01,20,40,10,2025-01-01,C61211081,0,Kelly,Danielle,Y,,FL,33360,F,1967-06-12,767090417027,1,DH1,FL,Kelly,Danielle,Y,IN,F,1967-06-12,2026-06-05,253,0.00,0.00,-210.00,2026160424188,1,,,,1,A,-210.00,0.00,0,0.00,0,0,0,0,0,0,0,0,87655606,1,2026-06-05,0,D,D0210,0.00,0.00,0.00,,33360,155894046,"Jennings,Michael,S,DMD",FL,2026-06-09,1,23,14,2,2026-07-30,5459699519,DA096,4,1,P,P,GDM,GCD,0,0,2026-05-14,FULL MOUTH X-RAYS,GRAHAM DENTAL,DEN,,2695168,,DMD,O,0,,48320,,~0121,6,,,1,M,D0000,D,0.00,0.00,90,,,,,,GE,0,-227.38,262110048426,0.00,D07,-134.00,I,719,1,U,,0,0,1,,W,2,,0.00,0,1359394257,,12400001,111,3 33321,23.26,A0231000   2,,,C61211081,GRAHAM DENTAL,25853 ROBLES ROW,,FT LAUDERDALE,FL,33394,3,0,2026060525320261604241881,DAVIS DENTAL,231 MARY TRAFFICWAY SUITE 259,,TAMARAC,1209106213,Reversal,2026-07-30 22:42:06.816
76417027,TBD,FMC MEDICAL PL/CM,2025-01-01,20,40,10,2025-01-01,C15644042,0,Vaughn,Peter,M,,CA,94551,M,1959-11-07,767090417027,1,DS1,CA,Vaughn,Peter,M,IN,M,1959-11-07,2026-06-08,254,0.00,0.00,87.00,2026160508793,1,,,,1,A,0.00,0.00,0,0.00,0,0,0,0,0,0,0,0,14847140,4,2026-06-08,0,D,D0460,0.00,0.00,0.00,,94516,521788583,"Pace,Sue,M,DDS",CA,2026-07-29,1,10,0,2,2026-07-30,1543340,DA096,4,2,P,P,GDM,GCD,6546,0,2026-07-29,PULP VITALITY TESTS,NICHOLS ORAL SURGERY,EDD,,5305045,,DDS,O,0,,48320,,~0124,6,,,1,M,D0000,P,0.00,0.00,31,,,,,,GE,0,94.50,262110013750,0.00,D01,54.00,I,719,1,U,,0,0,1,,B,2,,179.00,0,1070815236,,24900002,TBD,5 94544,34.67,D0158000   3,,,C15644042,NICHOLS ORAL SURGERY,27054 JAMIE LOOP SUITE 250,1290 B STREET,HAYWARD,CA,94516,3,0,2026060825420261605087931,,,,,,Original,2026-07-30 22:42:06.816
76417027,0005,FMC MEDICAL PL/CM,2025-01-01,20,40,10,2025-01-01,C21336493,0,Miller,Christopher,U,,WA,98224,M,1977-07-09,767090417027,1,DH3,WA,Miller,Mary,,CH,F,2006-01-30,2026-03-17,251,-6280.00,0.00,-6280.00,2026169563346,2,,,,1,,0.00,0.00,0,0.00,0,0,0,0,0,0,0,0,74280817,1,2026-03-17,0,D,D8090,0.00,0.00,70.00,,98219,446914831,"Small,Jonathan,DMD",WA,2026-06-26,1,23,14,2,2026-07-30,0408506711,DA096,4,1,N,N,GDM,,0,2,2026-11-30,ORTHO TREATMENT,WATSON DENTAL ASSOCIATES,OTD,,0,,DMD,,0,,48320,,,6,,,3,M,D0000,O,0.00,0.00,90,,,,,,GE,0,0.00,262110025345,0.00,D24,-6280.00,O,719,2,U,,0,0,1,,W,2,,0.00,0,1818345279,,51500015,,5 98277,183.37,D0265000   A,,,C21336493,WATSON DENTAL ASSOCIATES,499 SHAW GLENS,,MOUNT VERNON,WA,98219,3,0,2026031725120261695633462,CAIN DENTAL ASSOCIATES,499 SHAW GLENS,,MOUNT VERNON,1818345279,Reversal,2026-07-30 22:42:06.816
76417027,0005,FMC MEDICAL PL/CM,2025-01-01,20,40,10,2025-01-01,C74317153,0,Singleton,Robert,M,,PA,15073,M,1987-02-04,767090417027,1,DS1,PA,Singleton,Bethany,,CH,F,2020-02-04,2026-06-16,233,0.00,0.00,30.00,2026169453953,3,,,,1,,0.00,0.00,0,0.00,0,0,0,0,0,0,0,0,79800734,5,2026-06-16,0,D,D1310,0.00,0.00,0.00,,15136,471193670,"Craig,Jamie,R,DMD",PA,2026-07-30,1,10,0,2,2026-07-30,4928459,DA096,4,2,P,P,GDM,GCD,6546,3,2026-10-02,DIETARY PLANNING,PETERSON DENTAL,OTD,,9769434,,DMD,O,0,,48320,,~0092,6,,,3,M,D0000,P,0.00,0.00,90,,,,,,GE,0,58.50,262110024706,0.00,D01,30.00,I,719,2,U,,0,0,1,,B,2,,433.00,0,1043845789,,97381400,455,1 15025,32.41,D0038000   2,,OS 2026,C74317153,ALLEN ORAL SURGERY,950 ALEXANDER PLAIN,500 N LEWIS RUN RD,WEST MIFFLIN,PA,15136,3,0,2026061623320261694539533,PETERSON DENTAL,0559 HODGES VIEW SUITE 213,STE 215A,WEST MIFFLIN,1460049659,Adjustment,2026-07-30 22:42:06.816
76417027,111,FMC MEDICAL PL/CM,2025-01-01,20,40,10,2025-01-01,C05592330,0,Jones,James,,,VA,20124,M,1955-08-16,767090417027,1,DH1,VA,Jones,James,,IN,M,1955-08-16,2026-05-15,238,42.00,0.00,64.90,2026162313345,2,,,,0,A,42.00,42.00,0,0.00,0,0,0,0,0,0,0,0,61672643,1,2026-05-15,0,D,D0120,42.00,0.00,0.00,,22037,470339380,"Sullivan,Taylor,T,DDS",VA,2026-07-30,2,19,0,2,2026-07-30,7780310176,DA096,4,1,P,P,GDM,GCD,6546,0,2026-03-11,PERIODIC ORAL EVAL,NGUYEN FAMILY DENTISTRY,DEN,,1846449,,DDS,O,0,,48320,,~0072,6,,,1,M,D0120,D,0.00,22.90,90,,,,,,GE,0,85.50,262110028626,0.00,D60,0.00,I,719,1,U,,0,0,1,,W,2,,98.00,0,1201607811,,24900002,111,4 20166,56.44,D0158000   3,,OS 2025,C05592330,NGUYEN FAMILY DENTISTRY,701 JACOB ROAD APT. 985,,FAIRFAX,VA,22037,3,0,2026051523820261623133452,WILLIAMS DENTAL,276 MARK WAYS,,FAIRFAX,1201607811,Adjustment,2026-07-30 22:42:06.816
76417027,33B,FMC MEDICAL PL/CM,2025-01-01,20,40,10,2025-01-01,C70378975,0,Lewis,Lindsey,H,,FL,32770,F,1989-03-10,767090417027,1,DS1,FL,Lewis,Michael,Q,CH,M,2018-11-04,2026-04-08,247,44.00,44.00,51.00,2026160406930,2,,,,0,A,0.00,0.00,0,0.00,0,0,0,0,0,0,0,0,43931175,2,2026-04-08,0,D,D0272,44.00,0.00,0.00,,32799,726989397,"Roberts,Marie,C,DDS",FL,2026-07-29,1,19,0,2,2026-07-30,9758698528,DA096,4,2,P,P,GDM,GCD,6546,2,2026-01-05,TWO BITEWING XRAYS,JENSEN DENTAL ASSOCIATES,DEN,,627639,,DDS,O,0,,48320,,~0117,6,,,3,M,D0272,D,0.00,7.00,90,,,,,,GE,0,61.20,262110050974,0.00,D60,0.00,I,719,2,U,,0,0,1,,W,2,,75.00,0,1842444948,,18000009,33B,2 32738,36.24,D0145000   2,,,C70378975,FRANCIS ORAL SURGERY,2568 PEREZ SPRINGS SUITE 203,,PLANO,TX,75044,3,0,2026040824720261604069302,EVANS FAMILY DENTISTRY,85049 IAN VALLEYS APT. 548,STE. 230,LAKE MARY,1143395016,Adjustment,2026-07-30 22:42:06.816
76417027,111,FMC MEDICAL PL/CM,2025-01-01,20,40,10,2025-01-01,C88100580,0,Donaldson,Robert,U,,TX,77073,M,1962-05-08,767090417027,1,DH1,TX,Donaldson,Robert,U,IN,M,1962-05-08,2026-06-16,249,35.00,35.00,75.00,2026169453641,2,,,,0,A,0.00,0.00,0,0.00,0,0,0,0,0,0,0,0,87766328,2,2026-06-16,0,D,D0120,35.00,0.00,0.00,,77085,304647102,"Scott,Ebony,J,DDS",TX,2026-07-30,1,19,0,2,2026-07-30,3747802461,DA096,4,1,P,P,GDM,GCD,6546,0,2026-08-20,PERIODIC ORAL EVAL,RYAN DENTAL,DEN,,3222654,,DDS,O,0,,48320,,~0043,6,,,1,M,D0120,D,0.00,40.00,90,,,,,,GE,0,79.20,262110030857,0.00,D60,0.00,I,719,1,U,,0,0,1,,W,2,,145.00,0,1598457861,,97381600,111,2 77071,21.32,D0051000   2,,,C88100580,RYAN DENTAL,9468 ANNA HOLLOW SUITE 845,,HOUSTON,TX,77085,3,0,2026061624920261694536412,RYAN DENTAL,712 JASMIN CURVE SUITE 992,,HOUSTON,1598457861,Adjustment,2026-07-30 22:42:06.816
76417027,113,FMC MEDICAL PL/CM,2025-01-01,20,40,10,2025-01-01,C35435588,0,Decker,Daniel,J,,MS,38677,M,1960-08-05,767090417027,1,DH1,MS,Decker,Daniel,J,IN,M,1960-08-05,2026-06-02,221,0.00,0.00,175.00,2026168337171,4,,,,1,A,0.00,0.00,0,0.00,0,0,0,0,0,0,0,0,18143691,2,2026-06-02,0,D,D9243,0.00,0.00,50.00,,38004,931940590,"Callahan,William,T,DDS MDS",TN,2026-07-30,2,71,0,2,2026-07-30,6838488532,DA096,4,1,P,P,GDM,GCR,6548,0,2026-12-16,IV SEDATION/ANALGESIA,CARPENTER DENTAL ASSOCIATES,PRD,,4562432,,DDS,O,0,,48320,,~0114,6,,,4,M,D0000,B,0.00,0.00,90,,,,,,GE,0,198.90,262110040887,0.00,DGI,157.50,I,719,1,U,,0,0,1,,B,2,,0.00,0,1970186566,,12400001,113,1 38654,37.92,A0231000   2,,,C35435588,CARPENTER DENTAL ASSOCIATES,9509 MOORE UNIONS,,COLLIERVILLE,TN,38004,3,0,2026060222120261683371714,CARPENTER DENTAL ASSOCIATES,10949 MELINDA DRIVE SUITE 954,,COLLIERVILLE,1970186566,Adjustment,2026-07-30 22:42:06.816
76417027,0005,FMC MEDICAL PL/CM,2025-01-01,20,40,10,2025-01-01,C69217370,0,Anderson,Adam,J,,NC,28534,M,1959-10-28,767090417027,1,DH3,NC,Anderson,Adam,J,IN,M,1959-10-28,2026-06-11,249,1215.00,607.50,1610.00,2026168318817,1,,,,1,,0.00,0.00,0,0.00,0,0,0,0,0,0,0,0,55558444,2,2026-06-11,0,D,D6245,1215.00,0.00,50.00,,28534,531206785,"Ward,Joseph,M,DMD",NC,2026-07-10,1,10,0,2,2026-07-30,0025095618,DA096,4,1,P,P,GDM,GCD,6546,0,2026-03-11,PORC/CERAMIC PONTIC,RICHARDSON ORAL SURGERY,DEN,,6488359,,DMD,O,0,,48320,,~0066,6,,,4,M,D6245,M,607.50,395.00,24,,,,,,GE,0,1366.20,262110042721,0.00,D60,0.00,I,719,1,U,,0,0,1,,W,2,,3650.00,0,1935378259,,51500015,,2 28562,92.34,D0264000   A,,,C69217370,BRAY DENTAL,9294 MAUREEN VALLEYS APT. 743,,ATLANTA,GA,30385,3,0,2026061124920261683188171,OBRIEN DENTAL GROUP,74962 DOUGLAS VILLAGE,,NEW BERN,1473322375,Original,2026-07-30 22:42:06.816
